customer_id,name,phone_no,email_id,payment_details
100,'Inga Donovan','(349) 552-8409',dolor.dapibus@nequeSed.co.uk,450837 5340541239
101,'Brianna England',''(333) 587-5555',ultricies@idsapienCras.co.uk,484 45392 64662 866
102,'Victoria Landry',''(635) 400-5845',iaculis.aliquet@tellus.co.uk,402655 5891644366
103,'Talon Chambers',''(506) 207-3073',risus@magna.edu,4913 9931 0748 2337
104,'Jasper Bender',''(306) 975-4272',sollicitudin.a@purusgravida.ca,484 41981 26470 420
105,'Devin Jacobson',''(417) 681-3978',enim.gravida.sit@scelerisquemollisPhasellus.co.uk,491 30784 81354 573
106,'Zane Finch',''(782) 249-8530',gravida.sit@arcuVestibulum.net,484490 2008513987
107,'Adria Burt',''(356) 792-1168',tristique@tortordictumeu.org,402677 2704531579
108,'Indigo Ferrell','(215) 216-0119',aliquet@auctor.co.uk,4.175E+15
109,'Orlando Clemons',''(632) 133-1711',consectetuer@arcuet.co.uk,4.91329E+15
110,'Winifred Gallegos','(746) 821-3915',tincidunt.Donec.vitae@ipsumSuspendissesagittis.edu,4.9137E+15
111,'Maryam Ross','(862) 403-5309',nunc.ac@duiFusce.com,417500 440823 5078
112,'Harlan Terry',''(963) 811-8275',Nam.ac@vehiculaet.edu,417500 960605 8750
113,'Maite Clayton',''(731) 510-3359',fringilla.ornare.placerat@metus.org,4.0267E+15
114,'Tamara Jensen',''(118) 644-6727',volutpat.Nulla.facilisis@quislectus.org,4.8446E+15
115,'Maite Ferguson',''(513) 798-7569',metus@blandit.ca,450852 482966 2533
116,'Erich White',''(528) 178-8117',habitant@et.com,4917 5174 6395 1027
117,'Jada Giles',''(478) 810-9568',Nulla.dignissim.Maecenas@elitfermentum.edu,450888 992890 1904
118,'Amber Schneider',''(629) 394-7001',egestas.blandit@egetlaoreetposuere.co.uk,484 48927 06064 948
119,'Xena Mckenzie',''(326) 503-7312',ultrices@nisi.ca,484 46677 82918 591
120,'Jana Cleveland',''(777) 823-1216',sed.pede.nec@aceleifend.ca,450843 3079945244
121,'Merrill Wise',''(188) 784-7226',mauris.Morbi.non@luctus.net,484443 6280795053
122,'Patrick Nash',''(437) 557-4159',Nullam@necdiamDuis.co.uk,402632 6949194196
123,'Lev English',''(763) 781-2098',lobortis.risus.In@Integerin.edu,402687 9154942097
124,'Odessa Gaines',''(448) 952-4436',et.euismod.et@Aeneaneget.org,491741 1099535505
125,'Zelenia Moody',''(113) 650-0067',non.cursus.non@Cumsociisnatoque.co.uk,402669 5322905190
126,'Lunea Boyle',''(545) 680-8021',dui.Suspendisse@Phasellus.ca,450874 4343177681
127,'Zane Bush',''(912) 798-2298',nulla.Integer.urna@metus.edu,417500 8304770849
128,'Maryam Powers',''(361) 715-5365',fermentum.arcu.Vestibulum@Lorem.ca,4.175E+15
129,'Ray Mcbride',''(458) 887-5333',egestas@Proinvel.edu,4.02669E+15
130,'Flavia Hester',''(516) 471-3406',In.mi.pede@sitametrisus.com,484403 2935206909
131,'Barbara Cruz',''(204) 772-4786',volutpat.Nulla.dignissim@Nullamvitaediam.co.uk,417 50082 27415 225
132,'Abdul Wise',''(316) 469-9913',gravida.mauris.ut@purusDuiselementum.net,417 50083 61272 986
133,'Shelley Reynolds',''(906) 893-3987',Mauris.quis.turpis@penatibus.org,4844 8767 7554 2181
134,'Jescie Weiss',''(328) 614-9696',magna@dictum.co.uk,491335 0958192012
135,'Nash Rodriquez',''(494) 202-9785',a.facilisis@risusQuisque.co.uk,491 36922 92167 535
136,'Theodore Branch',''(773) 271-4303',sit.amet@anteipsumprimis.com,484452 417297 5162
137,'Ava Francis',''(513) 285-2392',ipsum@vitae.co.uk,417 50026 39131 942
138,'Paki Kline',''(250) 303-8121',tempor.augue@eueuismod.co.uk,450 86264 80685 164
139,'Ezra Hernandez',''(658) 286-2343',Sed.eu.nibh@consectetueripsumnunc.org,4.84483E+15
140,'Fallon Garrett',''(472) 149-8910',vitae.mauris@Mauriseu.co.uk,4508 7523 5583 6904
141,'Cedric Ortega',''(172) 141-2652',lacus.Quisque@Suspendisseac.ca,450861 692190 2641
142,'Ruby Marquez',''(725) 883-7700',In@sed.org,450850 114211 2529
143,'Quin Donaldson',''(226) 440-3632',scelerisque@euerosNam.co.uk,4.50877E+15
144,'TaShya Dale',''(302) 389-6803',Curabitur@vestibulummassa.edu,4175 0030 9649 1449
145,'Buckminster Figueroa',''(436) 863-5232',turpis@odioNam.net,491 79678 76253 497
146,'Martena Holden',''(588) 736-1294',vestibulum.Mauris.magna@primisin.co.uk,402671 3798879078
147,'Amber Schneider',''(206) 573-8223',Nulla@in.co.uk,4917 0691 2712 2652
148,'Theodore Hines',''(395) 290-5575',non.dapibus@in.org,484454 131216 5421
149,'Noel Nixon',''(673) 956-7963',Suspendisse@ametrisus.ca,4026 1924 5917 1085
150,'Hunter Elliott',''(330) 525-2652',mauris.elit.dictum@at.co.uk,450893 5531471999
151,'Gail May',''(224) 833-4489',nulla@lectusjustoeu.com,417 50062 25970 753
152,'Patrick Maldonado',''(904) 467-5817',id.risus@mollis.com,4913 5170 4320 5302
153,'Angelica Pacheco',''(140) 754-2944',Proin@pede.co.uk,417500 044310 1192
154,'Tamekah Moon',''(521) 471-8810',nunc.In.at@ligulaNullam.com,4175 0099 0552 7562
155,'Yardley Young',''(644) 346-1859',adipiscing@amet.edu,4844 9860 3228 0192
156,'Kenyon Graves',''(758) 980-3294',nibh@loremDonec.org,402664 944195 5065
157,'Nathaniel Huber',''(874) 717-5018',Cras@ornareegestasligula.ca,4508 5666 9214 9262
158,'Eleanor Petersen','(540) 188-6645',ultrices@ante.com,491387 988235 7242
159,'Xyla Rasmussen',''(975) 289-5601',vel.nisl@vulputatenisi.co.uk,491 79902 72019 171
160,'Lana Carlson',''(249) 506-0225',lectus.rutrum.urna@pharetraQuisque.com,4.17501E+15
161,'Clio Carrillo',''(730) 899-1237',Phasellus.ornare.Fusce@urnaNullam.edu,4.50863E+15
162,'Audra Mann',''(293) 908-4152',bibendum.Donec.felis@eleifendCras.net,491736 0077577049
163,'Bert Dotson',''(504) 592-4849',ipsum.Suspendisse@ullamcorperDuiscursus.ca,4913 8346 7356 7137
164,'Idona Donovan',''(865) 731-6003',sem.semper@sed.org,4.02642E+15
165,'Alden Cain',''(270) 907-0387',nonummy.ac@vestibulum.com,402674 551093 8667
166,'Scott Lynch',''(538) 194-2195',non@molestie.com,402 60875 75155 246
167,'Sawyer Mooney',''(596) 329-5156',ligula.elit.pretium@Vivamusmolestie.edu,4917 9965 1238 2089
168,'Athena Mooney',''(823) 470-9711',tempor.augue.ac@nibhvulputate.com,491 76116 96995 487
169,'Tad Gordon',''(330) 183-0330',varius.Nam.porttitor@dolor.com,402 68943 36002 967
170,'Yasir Adams',''(146) 125-3942',nascetur@augueeutempor.com,491330 245691 0189
171,'Odysseus Porter',''(153) 225-7889',aliquet.metus.urna@consectetuer.net,4.91339E+15
172,'India Tucker',''(217) 956-9369',purus@IntegermollisInteger.edu,4.175E+15
173,'Veronica Noble',''(186) 820-4466',elit.Aliquam@elit.edu,450823 6269224241
174,'Blaze Alston',''(627) 807-2357',sem.consequat@pretiumnequeMorbi.net,4844 6408 8529 6868
175,'Portia Fitzpatrick',''(721) 994-6382',Aenean.eget.metus@nonluctussit.co.uk,417 50056 03807 363
176,'Brock Larson',''(323) 256-5177',vitae@odioPhasellusat.edu,450824 486361 7562
177,'Malcolm Ware',''(888) 124-4774',sociis.natoque.penatibus@lacus.net,450 87046 45974 144
178,'Dawn Vance',''(331) 310-2982',nisi.dictum.augue@Maecenasmifelis.ca,4026 9369 2597 0078
179,'Emma Banks',''(163) 853-0245',consectetuer.cursus@cursuseteros.co.uk,491 78007 98924 228
180,'Austin Vaughan',''(756) 621-1011',eget.tincidunt@neque.edu,4026 8214 1328 0737
181,'Arsenio Whitley',''(192) 231-0343',eu@vitae.ca,4.91334E+15
182,'Henry Ross',''(377) 413-9320',orci.sem.eget@Donec.edu,450 80510 44989 509
183,'Charlotte Patterson',''(588) 598-6756',tristique.pellentesque@convallisligulaDonec.com,4917 6286 5937 0771
184,'Cameran Graves',''(929) 866-9454',Maecenas.ornare.egestas@Nam.co.uk,4913 7216 2679 7525
185,'Priscilla Mcguire',''(144) 976-8568',tristique@Sedcongueelit.ca,491 72593 62325 504
186,'Slade Hodge',''(906) 820-4542',quam.Curabitur.vel@euarcuMorbi.edu,491317 7318514480
187,'Doris Raymond',''(817) 357-7260',sed@dictum.ca,491782 3746919017
188,'Clio Becker',''(967) 863-8167',rhoncus.Nullam@velmauris.com,491379 6725319025
189,'Sierra Dunn',''(110) 717-6646',ligula.Donec.luctus@natoquepenatibus.net,4917 7104 7199 8185
190,'Olivia Osborn',''(636) 475-5012',augue@liberoDonec.com,4.91312E+15
191,'Mira Klein',''(121) 695-5902',fermentum.risus@turpisnonenim.co.uk,4.02657E+15
192,'Irene Hayes',''(493) 965-6242',dui@quam.org,491321 487839 8184
193,'Lacy Newton',''(395) 864-8750',Morbi@arcuCurabiturut.edu,484493 908092 6612
194,'Whitney Richard',''(260) 562-1411',lorem.ut@liberoDonec.com,491361 9733289347
195,'McKenzie Justice','(281) 903-5717',Fusce.feugiat.Lorem@tinciduntnuncac.edu,4.84448E+15
196,'Oliver Silva','(552) 786-6802',pharetra.felis.eget@Uttincidunt.org,450 87692 17054 591
197,'Martin Haynes','(473) 172-2156',eu.odio@loremfringilla.org,4026 0730 7769 5509
198,'Kimberley Reilly','(453) 249-2286',Nam.consequat.dolor@blanditatnisi.ca,417 50067 25548 661
199,'Indira Malone','(846) 713-1715',lacus.Aliquam.rutrum@sapienimperdiet.com,4.917E+15
