customer_id,name,phone_no,email_id,payment_details
1,Aaron Zhang,272-97-3115,mford@gmail.com,4364342409053090
2,Robert Lyons,538-87-7433,beckypayne@yahoo.com,676297689157
3,Ralph Rosales,681-84-9782,jennifervasquez@yahoo.com,4445845797293110
4,Lauren Phillips,086-44-3314,ishields@gmail.com,869979309532112
5,Peter Roth,341-70-2913,hughesthomas@hotmail.com,3112392000116210
6,Jessica Huerta,193-38-9964,davereyes@hotmail.com,180084032308484
7,Kari Perez,348-20-9128,jamescastillo@yahoo.com,5296025220139570
8,Omar Howard,601-67-7385,miguel76@hotmail.com,6011182511381110
9,Christine Harris,652-71-2914,william11@yahoo.com,502055553346
10,Kyle Good,189-87-2192,danielsantiago@gmail.com,3528587890460790
11,William Hill,441-74-3629,williamperez@gmail.com,4589468355514
12,Amanda Vazquez,404-62-9839,jmiller@hotmail.com,869958760160548
13,Tammy Bray,511-39-4628,kathryngarcia@hotmail.com,3088184571901330
14,Adam Williams,710-97-8737,byrdkatherine@hotmail.com,30523184377112
15,Nathaniel Walter,031-56-6394,bryceharris@yahoo.com,345919868650628
16,Brianna Franklin,751-91-3641,moralesbrittany@yahoo.com,4215529888533520
17,Natalie Chambers,639-25-3943,gcolon@gmail.com,4739540352118
18,Julia Powell,065-63-9828,tross@hotmail.com,180017978408660
19,Sarah Maddox,610-44-7631,smiller@gmail.com,6011069442491100
20,Penny Smith,824-29-8755,russellbraun@gmail.com,869969766657270
21,Katelyn Hall,683-07-9895,wadepamela@yahoo.com,4044808661693940
22,Erica Castro,620-75-5058,wrightnatasha@gmail.com,4076603575230
23,Mark Ingram,646-41-5220,khansen@hotmail.com,639064233831
24,Lisa Castillo,297-74-8081,joseph19@yahoo.com,6011182441063250
25,Mary Porter,022-26-4761,jclements@hotmail.com,30562003364380
26,John Bennett,552-31-9946,williamsonhelen@hotmail.com,3088068659113820
27,Dustin Rangel,270-21-0389,wallacevirginia@gmail.com,869959023577668
28,Scott Huang,191-67-7265,austinlane@gmail.com,30492365447260
29,Lisa Torres,537-05-5019,marioaguilar@yahoo.com,3158155686585730
30,Meredith Hull DVM,856-39-8918,smithchristopher@gmail.com,378065351267510
31,Kathy Adams,592-41-9178,mendezerica@gmail.com,30200178774766
32,Jillian Martinez,036-90-1965,rclark@gmail.com,180045317376066
33,Robert Moyer,476-40-0736,sandy30@yahoo.com,4094875103326
34,Lisa Luna,504-19-1455,james72@hotmail.com,869940020762362
35,Kelly Foster,592-30-2481,dmeyer@hotmail.com,4297776214930590
36,Ashley Thomas,383-23-7753,charlene40@hotmail.com,5497674696474530
37,Kyle Sanchez,052-02-0805,thall@hotmail.com,345607976361614
38,Michael Jackson,727-22-1482,benjamintorres@yahoo.com,180036786956991
39,Michelle Brown,369-06-7093,edwardsbrian@gmail.com,501823547770
40,Maria Price,236-10-4798,schmittgeorge@hotmail.com,4475242582862110
41,Faith Norman,710-77-1299,robert39@hotmail.com,3096145497261930
42,James Hall,710-62-4972,rodriguezjessica@gmail.com,5443681016024430
43,Sarah Aguilar,047-16-7873,emilyjacobs@hotmail.com,502081645728
44,Alisha Sherman,294-30-9987,kevin73@yahoo.com,6011317585759640
45,Tyler Williams,734-66-5546,bgarcia@gmail.com,4557201283186
46,Michael Brock,585-72-2901,colealec@yahoo.com,3337051059250770
47,Benjamin Nixon,313-56-1910,jenniferhart@yahoo.com,869960666795971
48,Kelly Hill,623-41-6578,jaywalter@gmail.com,4213031237879150
49,Dawn Freeman,201-56-9762,wcasey@hotmail.com,639019518989
50,Carla Chambers,655-39-3000,gordonjessica@hotmail.com,30235490926934
51,Amanda Perry,246-72-8846,stephanie03@gmail.com,501892892917
52,Joshua Roberts,777-48-2462,jerryjohnson@hotmail.com,3528482647722890
53,Daniel Jenkins,640-31-3392,kalexander@yahoo.com,6011327958787720
54,Margaret Johnson,483-60-8088,kevinbaldwin@yahoo.com,3096402878578190
55,Jeremy Jones,312-62-3590,ymedina@gmail.com,3158718344057250
56,Tommy Evans,107-70-8556,zbrown@gmail.com,5181113278316620
57,Jeffrey Nelson,275-47-2879,christinalove@yahoo.com,210063201202136
58,Sarah Berry,700-21-3710,johnsonkelly@gmail.com,344188122398421
59,Patrick Williams,137-67-1095,jenniferjordan@yahoo.com,4926468152771840
60,Mathew Barton,422-32-1267,gthompson@yahoo.com,869970303233393
61,Diane Parrish MD,858-74-6795,ashley22@hotmail.com,4686934423975600
62,Johnny Palmer PhD,119-21-9204,phill@yahoo.com,372542874985964
63,Jonathan Long,310-94-6372,whitemichael@gmail.com,5247892729510340
64,Leah Hampton,087-32-9322,waguilar@gmail.com,869907322282001
65,John Ashley,633-43-3754,samuel72@gmail.com,4269964310796170
66,Jonathan Lewis,716-66-5004,briangray@yahoo.com,378786247430091
67,Cynthia Weeks,377-98-8756,iwaller@yahoo.com,6011590106173640
68,Lisa Hanson,377-49-9545,lewismatthew@hotmail.com,377278964366444
69,Katie Smith,759-20-7423,zmcguire@gmail.com,3337327787016590
70,Nancy Green,645-51-4194,swansonkayla@hotmail.com,589313562250
71,Jason Thomas,253-28-6291,johnnelson@yahoo.com,3088524037738830
72,Lisa Farmer,754-09-5066,cdiaz@hotmail.com,4553150311301430
73,Edward Peterson,384-65-3651,tpatterson@hotmail.com,3112831779330050
74,Nathan Young,060-70-6159,emurphy@hotmail.com,676383686828
75,Amanda Klein,554-56-3755,carl88@hotmail.com,869992312372467
76,James Wallace,587-09-3175,lbridges@hotmail.com,4405163353637670
77,Kyle James,894-33-9732,juliecamacho@yahoo.com,4103137050026970
78,Donna Hunt,274-65-7659,robertsilva@gmail.com,4228435242410
79,Anthony Joseph,797-21-2746,lisa98@hotmail.com,675951701068
80,Terri Richardson MD,774-31-2136,umccormick@gmail.com,4537064835138080
81,Michelle Huynh,125-93-9900,ryan91@hotmail.com,3528908893805940
82,Kristopher Miller,272-06-1658,boydandrew@gmail.com,3112773924294440
83,Samantha Jacobson,281-94-8439,yorkchristopher@gmail.com,3528389215773860
84,Charles Rios,495-54-4546,lindsayfletcher@yahoo.com,30483263371777
85,Christina Fletcher,814-64-0670,joeharris@gmail.com,869906521522886
86,Diane Ramirez,380-87-0189,wolfechristine@gmail.com,376211522019479
87,Theodore Sanchez,031-19-6123,caitlin55@gmail.com,3112482480298780
88,Julia Galvan,703-91-9580,zcox@hotmail.com,3096463894385340
89,Norma Watson,657-48-1883,rebecca37@gmail.com,4775367351422180
90,Christine Maddox,464-74-3905,boydamanda@gmail.com,5148876764386830
91,Mitchell Bowers,786-68-0296,ashleywilliams@gmail.com,342843688881804
92,Carlos Hall,264-81-4467,ronaldwhite@hotmail.com,4723533264695130
93,Justin Owens,841-72-6391,kyle93@yahoo.com,3088515869863680
94,Traci Rogers,140-12-6881,ycochran@yahoo.com,639056112274
95,Erik Jones,330-68-5012,andresfarrell@gmail.com,4118248957110260
96,Eric Carter,614-67-9113,belindabarrera@yahoo.com,3112542319126930
97,Dennis Landry,230-89-7054,campbellheidi@gmail.com,5327649530242130
98,Michael David,405-19-1207,hernandezelizabeth@gmail.com,30171701040589
99,John Guerrero,873-28-1862,mmartin@yahoo.com,869908014469518
100,Laura Johnson,806-41-7429,eric23@gmail.com,3088058430605360
101,Katie Anderson,360-08-4354,lhall@yahoo.com,5463873861680790
102,Michael Haas,469-73-5155,robertmartin@yahoo.com,3528253390173750
103,Brandon Banks,401-35-1301,christopher94@yahoo.com,372856880906537
104,Gary Russell,552-97-5427,ruizmichael@hotmail.com,30368014693035
105,April Martin,175-17-1651,joanna87@yahoo.com,4500761134085660
106,Jeffrey Lawson,328-56-3660,fostermichael@hotmail.com,5313838811279610
107,Maxwell Nicholson,832-39-6360,lisa65@gmail.com,6011277005905450
108,Stacey Young,599-23-6031,houstonedward@hotmail.com,5151045405829260
109,Vincent Thomas,209-51-6265,jonesallison@yahoo.com,630429492097
110,Jessica Cordova,624-30-1144,evan44@hotmail.com,210061883255190
111,Christina Campbell,768-25-8592,rossandrea@yahoo.com,676317583281
112,Christopher Newton,274-64-1196,morgan24@yahoo.com,3528199617807960
113,Deborah White,680-48-2229,katherineflowers@yahoo.com,180000564370288
114,Jacqueline Carr,330-51-5759,bbell@yahoo.com,4105126256141
115,Christina Larsen,714-88-1365,zcurtis@yahoo.com,3528275469493700
116,Shelly Huffman,434-80-6717,mariethomas@yahoo.com,561204412788
117,Gail Alvarez,428-78-2690,amandawilson@yahoo.com,6011387725794420
118,Wesley Bell,736-47-0604,iramos@hotmail.com,210053461295474
119,Ashley Conley,122-38-1857,ssolis@gmail.com,340730590536836
120,Kimberly Cross,225-21-9303,aburgess@gmail.com,6011592846930450
121,John Berry,257-22-0282,colemanelizabeth@gmail.com,341868792170449
122,Travis Dunn,375-39-4425,adavis@gmail.com,4225490601941450
123,William Ruiz,649-03-5895,william58@gmail.com,342205713766832
124,Keith Cox,876-20-3706,ryan75@yahoo.com,3528536813619990
125,Alicia Jones,623-98-2844,pbranch@yahoo.com,30347877404821
126,Melissa Vazquez,809-42-4461,david57@hotmail.com,4824466667564
127,Brendan Summers,504-82-2753,lopezmary@gmail.com,378038121720662
128,Breanna Olson,607-52-7865,erica18@hotmail.com,4457558690681260
129,Krista Daniels,431-11-9594,thomaschapman@yahoo.com,3158568171967180
130,Cody Cooper,306-58-8834,allisonhall@hotmail.com,210087106658902
131,Marie Sanchez,027-74-5801,lgeorge@gmail.com,6011835508899250
132,Stephanie Spencer,502-93-0083,johnsonraymond@hotmail.com,30406203031144
133,Amy Spears,564-91-0762,ojackson@gmail.com,3088854378289620
134,Alex Hurst,143-21-9513,buchananmatthew@hotmail.com,4621365918356620
135,David Curtis,631-78-0040,jennifer64@yahoo.com,6011309182153900
136,Jamie Maxwell,624-63-2647,zacharyleblanc@gmail.com,210039450236660
137,Chloe Bush,157-68-1566,hayneswhitney@yahoo.com,3112194799395840
138,Angela Ramos,245-70-6915,bellzachary@hotmail.com,210052754190202
139,Veronica Ramos,769-83-5072,david28@hotmail.com,4091409499601450
140,Wendy Wilson,075-80-4905,josephreed@gmail.com,4394380132141450
141,Aaron Cruz,421-19-6549,jasonbryan@hotmail.com,3337321537980960
142,Jennifer Kemp,248-51-5337,nsmith@yahoo.com,30070153631020
143,Margaret Mahoney,351-19-9243,kyle61@yahoo.com,869987358104022
144,Angela Mcclure,296-52-5040,xgraham@gmail.com,374760217426698
145,Paula Conley,839-12-2539,justin60@hotmail.com,869993753543988
146,Monica Lin,847-55-8739,christine68@hotmail.com,5280331237696420
147,Bryan Booker,790-99-6850,kellyterri@hotmail.com,180085908850863
148,Jasmine Valdez,491-63-7056,morganchristopher@gmail.com,3337488139017120
149,Leslie Harper,810-27-0097,murphynathan@yahoo.com,3096155646722110
150,Christopher Banks,463-03-1240,clintonspencer@gmail.com,375334112591268
151,Jacqueline Porter,220-59-5588,lovekrista@yahoo.com,6011814730036390
152,Terry Atkins,543-60-1778,jonathan30@gmail.com,6011273683561620
153,Maria Soto,665-61-0191,danielle46@gmail.com,5283149518927830
154,Thomas Snyder,695-91-0135,owheeler@yahoo.com,348256335814421
155,Aaron Anderson,705-75-2127,jamesmiller@yahoo.com,4922509436283950
156,Stephen Parks,669-45-0576,nsmith@gmail.com,5260224702737750
157,Natalie West,199-78-4881,djohnson@gmail.com,4738037536913360
158,Cynthia Brown,331-05-8640,kelli37@yahoo.com,4557221571053760
159,April Bridges,854-20-0075,jenna61@hotmail.com,3088769251515210
160,Gary Bishop,659-16-2160,karennielsen@gmail.com,6011348568985280
161,Kathryn Beard,515-29-6643,bwilson@yahoo.com,869989706670381
162,Mrs. Tonya Silva,554-04-1244,matthewschmidt@yahoo.com,3158217524299480
163,Sherry Lane,404-21-9273,coreybradley@hotmail.com,3096242274165000
164,Tanya Horn,005-51-5759,scottdickson@hotmail.com,4278377111152600
165,Daniel Jones,256-50-4441,fjenkins@hotmail.com,4887873468021130
166,Deborah Olson,249-08-8007,kellernicholas@yahoo.com,373603827595232
167,Kimberly Williams,464-62-1005,ehines@yahoo.com,348350522976687
168,Jennifer Lowe,076-23-5465,tnguyen@yahoo.com,4250889117408750
169,Kenneth Donaldson,421-04-9913,wsoto@yahoo.com,5146903231765230
170,Marissa Ryan,739-72-2881,icantrell@hotmail.com,4081826320612
171,Trevor Cummings,092-10-9519,garrettdelgado@yahoo.com,4241361532327580
172,Steven Beasley,861-49-0531,lauraharris@hotmail.com,3096137127980280
173,Tamara Flowers,395-28-0333,pthompson@hotmail.com,3112557737490440
174,Mark Gates MD,776-25-3432,schneidershane@hotmail.com,630401265073
175,John Diaz,850-95-5566,calhounsara@yahoo.com,4532560601486360
176,Brandy Camacho,013-10-8679,kristinleach@hotmail.com,869963460363996
177,James Jones,440-16-9006,larrywilliamson@gmail.com,4548430289599
178,Samuel Palmer,413-52-4095,renee36@gmail.com,5277105303391980
179,Victoria Montes,097-57-1617,jthompson@yahoo.com,379828854432223
180,Jennifer Brooks,712-67-4981,mrivera@yahoo.com,3112839183553750
181,Ray Garza,388-96-3833,samanthalong@gmail.com,342972301167141
182,Elizabeth Anderson,576-21-0108,zmorton@hotmail.com,348317050455095
183,Margaret Roberts,412-75-0581,codywalker@gmail.com,4702334420086380
184,Jeremy Knight MD,060-77-5422,winterschristopher@hotmail.com,4923461352701000
185,Joshua Noble,760-22-9208,jonathan79@gmail.com,3096992539084900
186,Aaron Walker,186-29-6382,caustin@yahoo.com,4287222455163
187,Charles Stanton,419-97-9029,kellydonald@yahoo.com,503880012318
188,Amy Ruiz,404-49-3125,timothy45@hotmail.com,639098098465
189,Stacey Palmer,543-47-9812,dodsontammy@gmail.com,30302559867829
190,Steven Lopez,586-55-5985,craig08@hotmail.com,4517355421013780
191,Michael Case,537-36-9844,david55@yahoo.com,4074742109814200
192,Scott Lamb,009-69-3340,matthew87@hotmail.com,379163684283129
193,Debbie Oliver,757-39-9482,tammy14@hotmail.com,3088119592356930
194,Marc Harrison,686-83-0671,akeller@gmail.com,30560956120692
195,John Barry,604-44-1657,psanford@yahoo.com,4621129374236
196,Brooke Strong,395-06-4618,ramirezmatthew@gmail.com,5571150569297430
197,Connor Rivera,365-24-5104,whughes@hotmail.com,346934095450634
198,Phillip Singh,897-70-4469,brownchristine@yahoo.com,3337518817572490
199,Travis Lowery DDS,028-80-2101,hickstamara@yahoo.com,3088633741003040
200,Joshua Jones,016-16-7279,davidwhite@yahoo.com,180037365398803
201,Erica Holland,591-55-2161,mccallangela@gmail.com,30336346684246
202,Brian Arnold,860-70-2575,tware@gmail.com,3528136763584360
203,Kimberly Price,447-57-7992,smithalexander@yahoo.com,3158347450951360
204,Gary Young,502-47-1578,mariewilliams@hotmail.com,4378816343129
205,Jennifer Green,062-78-4661,vmiller@yahoo.com,3096310272164920
206,Beth Young,547-28-4902,tinasmith@gmail.com,4053544769489070
207,Laura Mendez,789-35-6623,iedwards@yahoo.com,4122739308081600
208,Peter Navarro,722-32-5383,duncanadam@yahoo.com,371421258061174
209,Sandra Palmer,571-27-8054,traciharris@yahoo.com,4700766899380
210,Kimberly Gilmore,792-17-2369,dominicburke@yahoo.com,3088856371741250
211,Keith Hill,454-61-5343,lellis@gmail.com,345199470003603
212,Jack Diaz,408-48-0251,whitelucas@hotmail.com,4485966571704
213,Erik Jones,610-35-2327,hardythomas@yahoo.com,869971620405789
214,Heather Allen,382-75-7621,scarter@gmail.com,869904983904304
215,Mark Yang,422-33-4791,brett65@gmail.com,4031760030685
216,Maria Walsh,741-08-7946,burtonbarbara@gmail.com,3096023695005440
217,Megan Perez,755-92-0299,matthew11@hotmail.com,4210837501370510
218,Sarah Harris,397-65-7526,christina01@yahoo.com,4215100570236890
219,Craig Scott,546-27-3072,jenna09@hotmail.com,210070341563095
220,Marc Wagner,075-48-8453,murraybobby@hotmail.com,6011504595397560
221,Andrew Welch,247-68-1889,castillojanice@hotmail.com,60488455381
222,Vickie Simmons,795-68-6388,suzannenolan@gmail.com,3088454049126560
223,Scott Barnett,612-97-1988,ericmoore@yahoo.com,5478259280208380
224,Emily Hamilton,769-93-5806,jasminevega@hotmail.com,345642006781432
225,Jacob Stewart,792-27-9208,griffinashley@hotmail.com,180068208343268
226,Joshua Edwards,196-86-9951,darren64@hotmail.com,3528918912441950
227,Brittany Mcgee,296-83-2631,molson@yahoo.com,6011669723108750
228,Lisa Rivas,057-27-5722,hstafford@hotmail.com,869994492964980
229,Deanna Bates,048-67-9059,uhill@gmail.com,4114175353696030
230,Debbie Buchanan,884-96-7469,tanyabernard@hotmail.com,5126829362044240
231,Austin Garcia,889-17-1207,bgonzalez@hotmail.com,30145023870733
232,Casey West,691-87-2296,kelleyjordan@gmail.com,6011207859203730
233,Joyce Miller,433-23-6952,nhunter@gmail.com,869904023416616
234,Alyssa Taylor,798-46-6703,walterroberts@yahoo.com,30274383904013
235,Kimberly Sexton,721-73-1768,gdonovan@gmail.com,3528794006567680
236,Robert Taylor II,012-34-1201,zlara@gmail.com,30355402644035
237,Michelle Tanner,607-37-2490,jessica08@hotmail.com,589331933350
238,William Adams,841-64-7295,youngjulia@hotmail.com,6011908171397250
239,Anne Gaines,612-01-5914,landrybrett@yahoo.com,4860905568302
240,Jonathan Santana,758-92-0832,natalie77@yahoo.com,676248877034
241,Jessica Edwards,305-40-5892,alexisjohnson@gmail.com,4426289971737230
242,Ronald Vasquez,848-98-2142,alejandro12@gmail.com,869913850228481
243,Daniel Adams,036-82-8639,robinsonamy@gmail.com,6011907218547410
244,Samuel Galloway,541-29-0619,vaughnwilliam@hotmail.com,5430803075336270
245,Jack Jones,717-67-3469,ogarcia@gmail.com,4125496134547600
246,Charles Lane,692-10-9379,michealtorres@hotmail.com,3158997052901570
247,William Rice,426-74-6477,ystuart@hotmail.com,180055370051662
248,Jessica White,229-64-1341,john76@gmail.com,4039169288358
249,Allison Jimenez,065-56-9690,morgan52@hotmail.com,4795171780805780
250,Drew Morgan,036-70-7882,nicole06@yahoo.com,3528722820268720
251,Jason James MD,785-48-6054,smedina@yahoo.com,30000582215442
252,Jamie Sullivan,844-87-9173,ksims@yahoo.com,4972587644707880
253,Karen Martinez,251-51-8951,hortontiffany@yahoo.com,30237708085172
254,Laurie Noble,137-34-7146,utaylor@hotmail.com,6011816383011280
255,Jennifer Friedman,671-77-5912,brianwilliams@yahoo.com,4278340898088990
256,Derrick Campbell,653-64-0994,markrichardson@gmail.com,5544578668361290
257,Kari Cobb,745-50-9741,michelle67@gmail.com,4823317728788850
258,John Johnson,198-21-0156,kevin06@hotmail.com,4640323843887
259,Wanda Rodriguez,457-23-0831,sschwartz@gmail.com,5218646075829020
260,Christine Benton,621-96-5304,kathryndavis@yahoo.com,5576798009628930
261,Noah Howard,473-29-5561,dawnbarrett@yahoo.com,3528971758280600
262,Michael Bailey,208-71-3403,smithevan@hotmail.com,4561482808287330
263,Tyler Page,732-42-3797,gsanchez@yahoo.com,3112888178922200
264,Robert Dyer,628-08-5794,njarvis@hotmail.com,30388466536946
265,Lacey Arnold,469-61-2080,sellersjoshua@hotmail.com,6011507520057390
266,Renee Little,329-05-4556,bthompson@gmail.com,6011562578729040
267,Hunter Day,597-70-5759,pennyadams@gmail.com,5471215137780570
268,Cameron Ellis,335-58-9907,frances41@gmail.com,5509328104768910
269,Richard Richardson,500-09-6277,ibowen@gmail.com,210069210068194
270,Nicole Wade,249-86-0242,kkim@gmail.com,3158101909798540
271,William Roberts,201-08-3563,emilysteele@yahoo.com,3158753876873160
272,Alex King,723-78-7945,lloydkenneth@yahoo.com,676104634230
273,Amy Bray,344-07-9341,adamellis@yahoo.com,3158015077481150
274,Alan Cantrell,532-26-5263,cynthiachapman@hotmail.com,3337054769062120
275,Carrie Clark,351-08-5599,jeffrey52@yahoo.com,30323759294168
276,John Grant,446-55-9163,rushjodi@yahoo.com,676218892732
277,Mrs. Sandra Austin,471-76-1655,ibrown@gmail.com,4818767142904510
278,Robert Harris,187-25-1355,millerkayla@hotmail.com,3337822251786280
279,Joanna Roberts,035-53-6139,michaelshaw@yahoo.com,4292380627059700
280,Raymond Clark,472-75-5223,jessica02@hotmail.com,6011510930470790
281,Donna Patel,287-37-2165,miranda27@gmail.com,30471995233373
282,Gregory Herman,504-40-0654,khernandez@yahoo.com,3112717997697160
283,Lisa Miller,676-81-3243,danielle03@yahoo.com,6011123882877250
284,Joann Henson,083-26-1102,gregory65@hotmail.com,4132697883019520
285,Joshua Myers,841-35-7554,tiffanygomez@yahoo.com,180017894308812
286,Bridget Ruiz,814-93-1240,reginamorgan@gmail.com,5551604834682380
287,Angel Perez,511-86-3481,thomas57@gmail.com,3158133846945630
288,Michele Lewis,275-57-7327,kbaker@hotmail.com,30456424714135
289,Alyssa Mcmahon,015-18-3071,antoniowheeler@hotmail.com,348459003053104
290,James Jones,285-04-5901,rubiojessica@gmail.com,348696525684656
291,Holly Thompson,020-92-7190,lydiathornton@yahoo.com,4282885368605
292,Laura Fernandez,242-95-7114,roberto21@gmail.com,6011183803977050
293,Jacqueline Butler,809-54-4517,patrick40@hotmail.com,30334774343773
294,Jason Weaver,283-14-8866,colekrystal@yahoo.com,3337626422958260
295,Amanda Martinez,229-02-6657,shellypalmer@hotmail.com,561279389705
296,Andrew White,895-83-2515,xatkinson@yahoo.com,3528334255169070
297,Kathleen Stephenson,697-96-0252,gyoung@yahoo.com,30162420617385
298,Melissa Petty MD,402-62-2903,abigail95@hotmail.com,3528119082626680
299,Matthew Hicks,888-53-8781,bonnie84@yahoo.com,6011795593527090
300,Justin Cole,746-31-6143,jonathan77@hotmail.com,5182123367843110
301,Alex Castro,141-72-9279,barnesrussell@hotmail.com,676210333628
302,John Jordan,126-51-1133,fdiaz@gmail.com,4637800773900
303,Edward Wong,148-14-5696,wbautista@hotmail.com,639078408841
304,James Bishop,453-33-5015,devin84@yahoo.com,3337722048865910
305,Joseph Lowe,870-20-6311,boydgrant@yahoo.com,30257023394299
306,Christopher Fuentes,586-97-2804,rhondatate@hotmail.com,5255775234206340
307,Omar Nichols,109-06-1055,graymaria@yahoo.com,869935947349715
308,Meghan Hall,607-37-0651,lyoung@hotmail.com,4881581157202
309,Dana Schroeder,617-67-9689,ypeterson@yahoo.com,4143985905714
310,Jill Miller,403-45-1840,pkim@yahoo.com,4981279175030780
311,Joshua Moreno,146-22-5145,ralph99@yahoo.com,5386384224711350
312,Lisa Bautista,119-31-6604,hsanchez@yahoo.com,377262868929242
313,Mark Morales,261-34-8822,nicholsashley@yahoo.com,4065391480471020
314,Patricia Lewis,382-85-7485,escobarshawn@yahoo.com,5517747551680710
315,Alyssa Scott,140-63-9800,tmoon@hotmail.com,3337874109835860
316,Jesse Vaughn,784-11-3327,joshuarobbins@hotmail.com,6011441205449570
317,Ann Carlson MD,565-01-6626,avilamiranda@hotmail.com,5170556530516690
318,William King,008-49-2168,samantha49@hotmail.com,4393464738504
319,Taylor Morales,661-80-6737,josedaniel@yahoo.com,869939970013164
320,Charles Smith,805-64-4681,qnorris@hotmail.com,180049023094369
321,Hailey Perkins,644-41-4740,jeffrey28@gmail.com,869942252271187
322,Lacey Shaffer,458-56-5741,petersonsteve@yahoo.com,375202007749863
323,Jack Brown,530-16-6620,teresaacosta@hotmail.com,3337705477552800
324,Kevin Rodriguez,172-68-5732,palmermark@gmail.com,6011054663550520
325,Lisa Ray,705-10-8946,terryangel@yahoo.com,561250773919
326,Melanie Burke,019-49-6432,smithronald@yahoo.com,371876562866552
327,Kyle Klein,168-34-2665,nelsongeorge@hotmail.com,869981082827396
328,Angela Abbott,839-71-5585,dylan93@yahoo.com,4438376843148
329,Dylan Lee,045-37-2298,annagross@gmail.com,4102022286466960
330,Miguel Smith,853-41-4106,achandler@gmail.com,3088861943756080
331,Kristin Roberts,404-45-0063,qbaird@yahoo.com,3528331121934060
332,Natalie Thompson,112-96-9268,dustincarr@gmail.com,5298088846856510
333,Nicole Snyder,149-94-5767,maryramirez@hotmail.com,5496264830905760
334,Paula Castro,776-18-3513,evanscatherine@gmail.com,4777327559597050
335,Darren Fisher,765-72-4208,anthony32@hotmail.com,4361830095412
336,Jessica Long,655-28-4581,harrisnicholas@yahoo.com,501887735022
337,Robert King,273-98-6311,juliacline@hotmail.com,30542646692009
338,William Carter,054-14-3506,ashley02@hotmail.com,6011573232027010
339,Timothy Dean,503-01-4474,danielle48@gmail.com,6011097663652130
340,Jessica Ward,616-21-6841,dperez@yahoo.com,4432875056369
341,Tonya Briggs,544-03-9253,adammata@gmail.com,210019203564998
342,Emily Davis,841-93-9089,mkelly@yahoo.com,4590325063096300
343,Kyle Adams,323-59-5997,rebeccamolina@hotmail.com,3096624637232030
344,Tim Rogers,258-53-0483,kbarnett@yahoo.com,5289900257365550
345,Jeffrey Brennan,887-41-9711,bradleyhensley@gmail.com,5411811625254280
346,Melinda Woodward,882-13-0542,grahamlauren@hotmail.com,869985981726732
347,Mary Thomas,709-81-6067,travisbrown@hotmail.com,30577033709966
348,Timothy Graham,802-25-2026,mannmitchell@hotmail.com,30027390158951
349,Mrs. Lori Copeland,457-86-9919,chrischerry@gmail.com,6011898484218180
350,Claudia Mayer,255-18-8645,rangelkatelyn@yahoo.com,6011015137917740
351,Rebecca Miller,374-80-9463,moodyalex@gmail.com,869995037081628
352,Kristopher Hicks,421-67-0926,carol39@hotmail.com,4657106925335780
353,Lisa Molina,896-87-2511,robert85@yahoo.com,869934407836816
354,Daisy Smith,682-86-2154,brennanamber@yahoo.com,589319127181
355,Michael Stanley,881-92-5039,michael59@gmail.com,180019540960764
356,Debra Hurst,265-14-7466,brettkidd@gmail.com,502004932625
357,Brianna Jensen,446-21-9507,chavezvictoria@yahoo.com,4786344975941
358,Vanessa Fisher,423-55-9869,haneydiana@hotmail.com,676389587343
359,Mark Cox,657-65-2627,justinturner@hotmail.com,4962441132492070
360,Chad Garcia,014-73-6055,villanuevamegan@gmail.com,3096269560318020
361,Pedro Casey,747-01-6982,jmitchell@yahoo.com,675946344032
362,Melissa Patel,296-96-6055,utyler@hotmail.com,869921266162129
363,Todd Herrera,635-43-9430,mannjeffrey@yahoo.com,4848171116238280
364,Patrick Stewart,816-27-1714,brianoliver@gmail.com,3088102531056060
365,John Grant,662-67-8347,jonesnicole@yahoo.com,5247440559303020
366,Eric Gamble,762-91-4957,rebeccawhite@yahoo.com,630446787545
367,Emily Pollard,202-02-1440,wallacecarl@gmail.com,3158165640066840
368,Madison Miller,738-40-3279,williamscurtis@yahoo.com,5269516422726010
369,Jason Stuart,429-79-9659,nicholsashley@hotmail.com,502068556948
370,Tanya Martin,189-39-0634,smithandrew@yahoo.com,3112804838266140
371,Carly Morgan,466-70-4300,logangregory@yahoo.com,210096567336395
372,Stephanie West MD,516-28-6959,ewingjohn@yahoo.com,4406979687456220
373,David Carrillo,189-31-4517,christinamiles@hotmail.com,869954411613142
374,Lisa Gonzalez,887-47-5400,omarbennett@gmail.com,869970725916674
375,Molly Walker,742-96-7268,scott46@gmail.com,4682096899256440
376,Connor Carter,613-53-0565,ylindsey@yahoo.com,342903686577539
377,Anne Kelly,229-18-3250,dweber@yahoo.com,4056465980129700
378,Eric Henson,372-07-8149,marcus43@hotmail.com,3158660359558010
379,Eric Howell,796-20-4409,jessica83@hotmail.com,180090534366722
380,James Clark,739-74-2149,melissa83@gmail.com,6011818615191960
381,Katherine Silva,169-54-3034,bryantemma@hotmail.com,4355467314675870
382,Anthony Wood,234-48-3578,tburns@hotmail.com,630433616103
383,Michele Duncan,835-12-9144,elizabeth77@gmail.com,630410911949
384,Curtis Griffith DDS,795-34-9623,lriddle@yahoo.com,3112209037508540
385,Leonard Edwards,758-91-8003,christie18@gmail.com,3528064127666940
386,Erika Washington,631-05-7245,jenniferwaller@yahoo.com,4608955055273500
387,Cindy Jones,345-73-7688,hannahnguyen@yahoo.com,349504349707761
388,Phillip Schmidt,573-23-1345,haley37@yahoo.com,3528459934363930
389,Jacob Montgomery,561-25-1748,morrisdebbie@gmail.com,347684183277881
390,Kimberly Stewart,762-06-9276,bmorris@hotmail.com,5319279149036710
391,Debra Townsend,555-20-7564,andrew46@gmail.com,30568495427627
392,Jessica Reeves,630-41-9220,dhiggins@gmail.com,4206349199150270
393,John Dillon,645-41-4165,elizabeth10@hotmail.com,3112095281261630
394,David Valdez,476-57-8580,gthompson@gmail.com,4232161392676480
395,James Miles,324-54-9515,njohnson@hotmail.com,6011596021755540
396,Susan Warner,537-74-8280,larry47@gmail.com,373255967476275
397,Jacob Lopez,352-63-0682,pricejames@gmail.com,4273785332519270
398,Monica Santos,078-49-7052,rmoon@gmail.com,4075532669775
399,Kelly Bennett,543-52-1448,richard44@yahoo.com,3158001734853160
400,Eric Henson,522-88-8496,hsmith@yahoo.com,343915458649972
401,Kimberly Johnston,076-69-4928,keithpamela@hotmail.com,210097265735623
402,Dr. Bethany Higgins,880-51-7171,cmoore@gmail.com,3096909072582910
403,Brandon Garcia,062-45-5831,kelsey64@yahoo.com,346550974329762
404,Charles Norton,842-47-1271,nathanwatts@hotmail.com,210000863201865
405,Scott Hall Jr.,630-30-1722,ruizanthony@yahoo.com,675927643808
406,Brenda Collins,559-32-8048,qmorrison@yahoo.com,4434027503272
407,Mitchell Saunders,363-05-2892,howelljonathan@hotmail.com,372976014117510
408,David Schmidt,503-83-5924,joshuachang@yahoo.com,30433317420567
409,Helen Valdez,650-75-4440,xreed@hotmail.com,5128829750712460
410,Jeffrey Little,053-51-0398,nancylove@gmail.com,5341143784330070
411,Theresa Schultz,373-12-3668,meagan08@hotmail.com,3088871729241110
412,Megan Jimenez,763-23-3558,hannahterry@hotmail.com,30110355062085
413,Edward Calderon,805-82-4339,yorkkeith@hotmail.com,30283766576546
414,Monica Massey,436-03-8370,rogerserin@gmail.com,379210907879579
415,Seth Davis,219-57-4477,alicia28@yahoo.com,5539167561695470
416,Theresa Bryant,092-77-7865,moralesamy@yahoo.com,210004071225385
417,George Morris,572-16-6409,jamespatterson@gmail.com,6011698381996840
418,Michael Fox,863-29-9348,dianevega@hotmail.com,4368867892033
419,Travis Smith,259-47-9191,yedwards@yahoo.com,3337397600317670
420,William Dennis,513-68-5273,rebecca45@gmail.com,501844884566
421,Tiffany Romero,680-66-7380,chadgeorge@hotmail.com,342435067834916
422,Ashley Lynch,425-22-1837,wandajones@yahoo.com,869959236096670
423,Erica Miller MD,279-85-4382,leedarlene@gmail.com,4293440005907100
424,Matthew Miller,265-82-4672,xwells@yahoo.com,5178939491520660
425,Omar Smith,292-50-2650,jacksonashley@hotmail.com,210017511758245
426,Dominique Rose,579-47-6704,halexander@hotmail.com,3337718524634750
427,William Brown,754-39-5629,ryanfischer@hotmail.com,869901987351268
428,Derek Ryan,829-78-6889,fowlerbrandon@yahoo.com,3088759123771390
429,Kathy Myers,493-69-0284,beth20@yahoo.com,372704113813403
430,Michele Murphy,667-94-3946,linda71@gmail.com,4149993467399790
431,Maria Anderson,519-90-4955,velezalison@hotmail.com,3528659736181610
432,Kathleen Hall,293-50-9863,rstevenson@yahoo.com,869969851775862
433,Kevin Cain,168-67-4444,dawsonangel@yahoo.com,4638289547010160
434,Daniel Hernandez,362-66-1964,brivera@gmail.com,60468074350
435,Charles Lowe,710-73-9754,tdominguez@hotmail.com,869925890107350
436,Cassandra Everett,439-75-4128,rbennett@yahoo.com,30027214621838
437,James Holder,462-43-7127,katiefowler@hotmail.com,6011198145442580
438,Kyle Herring,871-39-8390,adamsrobyn@yahoo.com,4066671507983
439,Shawn Landry,490-64-4614,xaguirre@hotmail.com,4526217781723
440,Amber Clay,246-72-8759,npowers@gmail.com,3112602861258160
441,Megan Wagner,302-17-6474,marymurillo@gmail.com,869908079284406
442,Lisa Lee,450-47-6813,dbuck@yahoo.com,869942323826852
443,Marilyn Nguyen,871-38-3160,jeffreyvargas@gmail.com,30585214329405
444,Theresa Marquez,656-46-3677,erica65@gmail.com,3337748385574550
445,Amy Smith,667-43-0055,zolson@yahoo.com,4765337316303000
446,Jay Hardin,411-40-9018,brookegrant@hotmail.com,30163931636294
447,Evan Floyd,223-67-9459,lshepherd@gmail.com,348152864900485
448,Charles Curtis,757-39-0881,mendozaduane@gmail.com,3528401088379370
449,Michael Ruiz,047-51-9036,barbara29@gmail.com,4954040295457820
450,Jessica Brown,593-11-2321,davidfletcher@gmail.com,4379778486161040
451,Theresa Morse,057-24-0288,andrea99@yahoo.com,4822480404055
452,Scott Miller,007-47-6479,migueldavis@hotmail.com,376646976560348
453,John Callahan,738-34-0499,jenniferwright@gmail.com,561276481331
454,Patricia Thompson,601-02-4492,christopher93@hotmail.com,4602504003235560
455,Sandra Chambers,534-31-5033,clewis@gmail.com,3112776495960880
456,James Shepherd,229-04-6119,lopezrobert@gmail.com,5354676310165190
457,Dennis Lee,135-36-2128,harrisjanice@gmail.com,4828342643426
458,Ronald Baker,578-07-8532,sarah35@hotmail.com,5160685381001050
459,Angel Perez,337-29-8260,mcneilrichard@hotmail.com,3528418194106180
460,Brady Downs,865-42-9287,wardanthony@hotmail.com,3158692371577280
461,Bradley Simmons,305-26-2978,mcclurerichard@yahoo.com,3158569091581570
462,Andrea Pierce,450-44-6224,joseph60@gmail.com,869905378292593
463,Jonathon Novak,288-36-9713,haileysanders@hotmail.com,630474330366
464,James Ortiz,676-75-9736,kmorgan@hotmail.com,346342692330490
465,Dale Davis,571-74-4940,emilyshaw@hotmail.com,210073489757511
466,Kimberly Boone,286-83-2958,aaron75@yahoo.com,345228172752181
467,Sarah Tran,875-39-8824,scabrera@hotmail.com,3096304355924210
468,Matthew Phillips,277-56-4248,salazarkimberly@gmail.com,4276612268203
469,Todd Turner,862-66-6486,angelaabbott@yahoo.com,210079354951808
470,Larry Taylor,892-31-7832,mcphersonbenjamin@yahoo.com,4291113961248
471,Kimberly Barnett,525-73-0058,brian60@gmail.com,4945579838689040
472,Sierra Black,352-35-3468,andrespalmer@yahoo.com,345739751873016
473,Monique Ibarra,261-73-8640,kevin38@gmail.com,869975852875833
474,Justin Davis,469-28-6518,kjenkins@gmail.com,869927737324172
475,Ms. Christina Clark,893-72-4392,alexandria74@gmail.com,676260418808
476,Adrian Love,882-21-1920,swansonrobert@yahoo.com,3096260501370200
477,Zachary Lindsey,832-72-3378,tammy00@yahoo.com,869909078575448
478,John Adams,594-43-1080,dholmes@hotmail.com,869943992488388
479,Timothy Marshall,543-12-8148,randallnewman@hotmail.com,3112578371718300
480,Christopher Tanner,127-20-1607,wcampbell@yahoo.com,30010556642018
481,Jennifer Ward,401-32-6144,deckerjoseph@yahoo.com,4887108656279
482,Troy Bryan,128-79-2060,bestjoshua@gmail.com,4246548553333
483,Antonio Anderson,786-80-2687,jamessparks@hotmail.com,676137644925
484,Steven Webb,508-09-5996,pamelafrench@gmail.com,3528966274862700
485,Suzanne Rodriguez,107-64-6188,nbaker@yahoo.com,4388622830930120
486,Jeremiah Carrillo,887-13-1260,warrenjose@hotmail.com,4698976312566970
487,Diana Williams,503-28-6502,stevenssamantha@gmail.com,869931651739993
488,Taylor Huffman,664-12-7771,david54@yahoo.com,3096013842334410
489,Elizabeth Flores,384-48-0798,bobby84@gmail.com,3528495772889110
490,Thomas Roberts,224-43-6321,amandaclayton@gmail.com,6011784133300170
491,Rachel Allen,807-39-6309,bairdstephen@hotmail.com,180054948470660
492,Adam Snyder,185-03-0968,sclark@yahoo.com,561216105875
493,Anthony Howard,862-73-7047,jeffrey36@hotmail.com,30387518898130
494,Wayne Horn,582-42-4409,sampsonjerry@yahoo.com,5354851221102270
495,Patrick Munoz,618-56-4009,vmartinez@hotmail.com,3112093295130970
496,Steven Spence,101-01-1299,odunlap@gmail.com,210004469265837
497,Tammy Martin,050-65-5584,adkinsjason@gmail.com,3096012222763930
498,Melissa Stewart,062-58-5828,sara28@gmail.com,5595514020681200
499,Tyler Peterson,349-14-3619,jacksonjames@gmail.com,6011410115533570
500,Laura Reynolds,735-66-9440,linda04@yahoo.com,5472736423893850
501,Jordan Lambert,421-05-4380,christinaroberts@hotmail.com,4930909691978
502,Kimberly Jones,096-06-1185,jasonowens@yahoo.com,869970183065741
503,Karen Chavez,824-67-1856,castanedamaria@hotmail.com,4304476846045
504,William Klein,515-35-5794,tamara51@gmail.com,5462720952474390
505,Derek Ford,044-36-9551,margaret92@hotmail.com,4076847160210960
506,William Roy,134-04-9208,mark42@gmail.com,348851379558064
507,Tammy Osborne,307-07-1671,yoderjohn@gmail.com,349273406397052
508,Lisa Saunders,272-26-1173,jeffreywilliams@gmail.com,375160688279511
509,Nicholas Morgan,175-86-7542,michael88@gmail.com,344940689088955
510,Lori Johnson,775-21-9890,gregorysmith@hotmail.com,180095445494711
511,Joseph Rodriguez,896-19-3372,uallen@hotmail.com,180070152906082
512,Tara Dougherty,149-47-0586,carlhenderson@yahoo.com,210012517699709
513,John Wilson MD,874-50-9926,robert15@gmail.com,676100758991
514,Maurice Stokes,557-01-7341,hebertpenny@yahoo.com,869980389858955
515,Lauren Johnson,094-17-8174,shaun04@hotmail.com,372918366459934
516,Larry Jordan,587-99-7385,cheyennemarks@hotmail.com,4797323823041140
517,Breanna Hull,215-47-2788,plarson@yahoo.com,3112851405042560
518,Vanessa Lopez,433-63-8454,srodriguez@gmail.com,676393083354
519,Angela Zimmerman,755-88-2586,whitedavid@hotmail.com,5438812555572370
520,Colin Castro,356-71-0227,udavis@hotmail.com,869921694699353
521,Regina Smith,404-06-6911,trevor22@hotmail.com,5151396011864740
522,Steven Taylor MD,363-56-7733,gabriellelogan@gmail.com,3096230889964640
523,Jody Boone,211-83-3013,wrightjohn@yahoo.com,4785485816203
524,Thomas Lynn,338-86-8697,williamsjacqueline@yahoo.com,60413327929
525,Jack Wilson,064-13-2671,lisawhite@gmail.com,30342185899929
526,Crystal Mcintosh,566-77-7352,alexa74@gmail.com,869948371256546
527,Anthony Hill,727-58-5943,jose27@yahoo.com,5139745390939160
528,Jennifer Cherry,127-60-8139,dhoward@yahoo.com,3096098341647790
529,Monique Garcia,625-70-4584,jesse06@gmail.com,3337303962050180
530,Gary Cordova,664-06-1081,catherinebailey@gmail.com,30440548075482
531,Amanda Harvey,309-77-5221,nicole41@gmail.com,4056681332282
532,Lindsay Williams,771-40-1847,tbaker@yahoo.com,869901782363468
533,Robin Hayes,626-10-4013,lramsey@hotmail.com,4467282154654
534,Rachel Anderson,861-79-0884,robertmccormick@yahoo.com,30246069883984
535,Benjamin Guzman,843-52-9240,keith93@gmail.com,4153921507767480
536,Kathleen Rodriguez,860-94-3328,barry64@yahoo.com,3088399605574430
537,Summer Smith,521-21-4069,ohill@hotmail.com,869973414478980
538,Alan Blackwell,012-98-3349,sarahwhite@hotmail.com,5447321447359760
539,Jessica Hawkins,288-08-4989,hughesrobert@gmail.com,869982220779481
540,Donna Blevins,375-73-7169,newtonjeremy@hotmail.com,869935830226830
541,Vanessa Potts,852-89-9196,uwyatt@hotmail.com,3112175985753180
542,Kelly Sanders,757-92-4238,zlong@gmail.com,379802150779835
543,Jennifer Yu,497-80-6622,mnorman@yahoo.com,4234603761801
544,Alan Ward,073-50-9237,robertsjack@hotmail.com,210053389132767
545,Olivia Padilla,835-58-5822,patricia76@gmail.com,503809238671
546,Nicole Fletcher,156-67-9890,lindacox@gmail.com,630490400128
547,Austin Wyatt,238-53-1822,gcompton@hotmail.com,3528197604069900
548,Angela Robertson,164-18-3893,crystalbell@gmail.com,3088375869056180
549,Warren Kirby,260-26-7454,jennifermontoya@yahoo.com,6011972577757170
550,Mary Larson,179-37-6154,serranomichael@hotmail.com,4073984058084
551,Steven Shaw,228-98-9406,joseph48@hotmail.com,3096764711200940
552,Darryl Wood Jr.,288-42-5937,robinsonkatie@gmail.com,5586647164637270
553,Chad Ramos,447-19-2361,annettehamilton@gmail.com,30062585325834
554,Timothy Fisher,173-17-9150,joshua90@gmail.com,4189956876352180
555,Jeffrey Jackson,524-29-0779,cherylortega@yahoo.com,869911246772931
556,Stephanie Jensen,861-55-9495,davidsonteresa@yahoo.com,6011192813952810
557,Joshua Frederick,415-79-6681,adam43@yahoo.com,6011205579275690
558,Michael Smith,558-64-7548,oruiz@gmail.com,4880000807152110
559,Robert Moore,712-79-2205,susanmiller@gmail.com,30522700920074
560,Joshua Thompson,723-13-4127,brandon09@hotmail.com,4535142239426070
561,Dana Chang,872-29-3471,ahall@yahoo.com,5589942742514150
562,Christie Simon,350-63-3930,pamelareyes@hotmail.com,3337701753634590
563,Daniel Luna,825-49-8536,vbarry@gmail.com,30441005251541
564,Kathleen Gomez,665-65-2615,laurenmontgomery@gmail.com,3112936449486650
565,Todd Montoya,310-97-0991,fscott@hotmail.com,343014257119070
566,Allison Bennett,131-25-3737,lopezdavid@hotmail.com,6011309587369160
567,Dr. Alexis Johnson,097-11-4846,thomasgabrielle@hotmail.com,30217799508282
568,Eric Ortiz,553-67-0679,jonesdaniel@hotmail.com,30136878881230
569,Rebecca Lopez,283-63-5589,perezdeanna@hotmail.com,5490340351233100
570,Andrew Walker,490-65-8341,eric76@yahoo.com,30149077199593
571,Michele Cunningham,888-70-5770,eshelton@gmail.com,4601075672287910
572,Brent Ayala,154-34-8561,myersanthony@yahoo.com,4099175290533
573,Tracey Johnson,061-99-8307,whitefrank@hotmail.com,378586955676202
574,Kenneth Martinez,306-85-5771,walterskatherine@hotmail.com,4606424195869840
575,Samuel Sloan,879-69-1964,ocunningham@yahoo.com,4137438686917330
576,Timothy Potts,055-31-2268,sherrysnyder@yahoo.com,373820904893138
577,Francisco Aguilar,431-37-1029,pricesuzanne@hotmail.com,503822821875
578,James Phillips,345-11-8019,kevinholmes@hotmail.com,869921887084744
579,Eric Diaz,027-56-9308,blakedanielle@gmail.com,3528429171061230
580,Michelle Brown,172-07-4200,janetmarshall@hotmail.com,869960907782739
581,Christopher Stewart,286-75-0760,martinezsteven@yahoo.com,869946443076686
582,Amber Cooper,633-80-2190,castanedajenna@gmail.com,501827986438
583,Justin Matthews DDS,483-17-7860,stephaniecarter@gmail.com,3096060134147240
584,Amy Edwards,122-74-7938,elewis@hotmail.com,4544332895061580
585,Lindsey Figueroa,823-65-0798,fmoore@gmail.com,4940307890924
586,Alice Carpenter,829-30-0735,reevesleslie@gmail.com,4224608900835
587,Michael Rogers,878-17-3283,millerjeffrey@gmail.com,4215047440516
588,Brandy Bradshaw,192-38-7242,hubbarddaniel@gmail.com,869965582603738
589,David Jacobs,486-19-8995,barnettelizabeth@hotmail.com,372830601284441
590,Ryan Harris,890-32-6177,zpalmer@hotmail.com,349662033148518
591,Patricia Ross,540-09-9462,jennadouglas@yahoo.com,5191474471415220
592,Erika Cruz,826-23-8379,todd43@gmail.com,4406209553887
593,Kimberly Newman,843-07-0139,bassraymond@hotmail.com,30110046981222
594,Julie King,563-08-8519,jeremy19@hotmail.com,4671566310913200
595,Wesley Gutierrez,780-57-4035,awong@yahoo.com,180025254571663
596,Amber Jordan,716-86-4444,graceparks@hotmail.com,3112257050587380
597,Amy Branch,049-05-2704,matthewpowers@gmail.com,373500597572005
598,Brett Moses,201-02-8734,santiagobradley@yahoo.com,3158776247056120
599,Stanley Caldwell,781-88-3221,paulpaul@hotmail.com,589397387368
600,Thomas Wolfe,196-34-7603,gnash@yahoo.com,3158507150105500
601,Wanda Diaz,079-22-3233,wilsonbrent@hotmail.com,210084933742967
602,Adam Mccall,717-46-1816,torresjose@hotmail.com,4237285263233450
603,Kendra Hubbard,335-35-0741,jessicathompson@yahoo.com,180026963179301
604,Mr. Jason Aguilar,540-27-1182,bartonbarbara@hotmail.com,4446317108349
605,Maria Nielsen,149-55-3066,mark02@yahoo.com,30540738379907
606,Abigail Watson,548-06-1252,newmandeborah@hotmail.com,4749701370111010
607,Mary Cole,103-90-7384,vangjonathan@yahoo.com,3112096928203060
608,Patrick Carter,629-74-9763,patrick23@hotmail.com,869901073378209
609,Steven Castro,657-67-1775,rosemegan@hotmail.com,6011501033607480
610,Ann Miller,089-58-3357,lisa03@gmail.com,4186996775475640
611,Brian Smith,538-61-7666,foxscott@gmail.com,345699184227604
612,Keith Vargas,668-36-0564,charles55@yahoo.com,30194031095024
613,Valerie Robinson,015-70-9949,ibarracarolyn@hotmail.com,4669923549198
614,Andrea Roman,824-74-5872,gparker@hotmail.com,4340303048959
615,Nancy Gregory,244-56-9398,sampsonjoshua@gmail.com,180094287512425
616,Christine Lewis,864-72-6323,dreyes@hotmail.com,30340961411745
617,Christopher Mcclure,645-29-6875,timothy43@yahoo.com,676155740696
618,Victor Garcia,159-35-5495,angela84@yahoo.com,346249026961819
619,Nancy Hamilton,871-29-6559,jason73@yahoo.com,3337191521988090
620,Paul Richards,245-34-4487,jesseherring@gmail.com,3088361688729320
621,Laura Coleman,631-82-6577,daniel83@hotmail.com,4580739950688
622,Maria Baker,482-51-0879,jaredhernandez@gmail.com,3528193315157810
623,Laura Taylor,825-47-6327,holly09@gmail.com,5468663199652830
624,Anthony Griffin,082-11-7506,watkinsfrances@hotmail.com,6011628125810060
625,James Alexander,767-71-0687,whitney64@yahoo.com,3112043749175610
626,Christina Anderson,657-17-4507,jacksonkevin@gmail.com,3088986236701970
627,Thomas Pena,409-51-4490,austinnelson@hotmail.com,180060918352788
628,Joseph Kelly,147-87-4730,danielle82@hotmail.com,4532453872492960
629,Scott Oconnell,523-35-7575,sandra20@gmail.com,5416245716571730
630,Patricia Sherman,062-92-9977,qrodriguez@yahoo.com,3112386865159470
631,Jeffrey Hall,118-62-8182,beanpatrick@hotmail.com,3337296063993750
632,Leslie Armstrong,576-53-1463,yharris@yahoo.com,4472071928490
633,Charles Wolfe,433-43-6438,adamssteven@yahoo.com,30060605083201
634,Stephen Haynes,163-57-1675,jeffreycook@hotmail.com,180089273792528
635,Joseph Reese,416-85-8193,twilliams@gmail.com,501897285497
636,Laura Spencer,523-91-5337,guerrerodavid@yahoo.com,30479483158002
637,Abigail Mason,125-39-8636,nancychen@hotmail.com,4973773208088360
638,Morgan Morales,785-86-3727,cgarcia@hotmail.com,3088061776504840
639,William Vega,246-04-5532,madison58@hotmail.com,869985870243195
640,Jason Evans,273-25-6838,jasminegoodwin@hotmail.com,5291180231846630
641,Adrienne Gomez,297-14-6898,dhill@hotmail.com,6011455996121660
642,Alexandra Weeks,855-05-4096,alexanderstacy@yahoo.com,869911042389351
643,Bethany Jones,820-42-6134,kevin12@gmail.com,3337347861639100
644,Karen Curry,245-01-3991,revans@yahoo.com,4079209678413810
645,Sarah Soto,785-84-8415,shannon72@gmail.com,4890929195142360
646,Melissa Valencia,812-16-9551,townsendelizabeth@yahoo.com,3112342682569860
647,Jacob Hess,448-67-7236,jacksonkathryn@gmail.com,5240701365929990
648,Kristina Lewis,232-88-7818,glenngay@yahoo.com,30575460903854
649,Ricky Bailey,546-19-3978,christopher27@gmail.com,4353593826059
650,Cody Hansen,174-81-8070,ihampton@gmail.com,869986804054393
651,Donna Ramirez,220-26-8819,jefferyjones@hotmail.com,5354352651385510
652,Isaac Hernandez,093-93-2135,shawnacosta@gmail.com,6011749427003370
653,Matthew Nunez,363-32-3020,travis76@yahoo.com,3158531679715740
654,Carmen Parker,853-44-6325,kenneth24@hotmail.com,3096380638469660
655,Shawn Thomas,424-13-2002,carloscampbell@yahoo.com,30095452159761
656,Tyler Owen,612-50-3847,robert20@gmail.com,4954813459892
657,Alexandra Brooks,106-91-4273,cunninghamjesse@yahoo.com,340994520715213
658,Corey Kelley,391-85-1681,croman@gmail.com,3158388369471280
659,Robin Jones,475-88-3818,sara14@yahoo.com,869931400983835
660,Michael Cox,251-45-8345,elizabethflores@gmail.com,4203964536789
661,Laura Moyer,631-98-9070,howardrios@yahoo.com,4196754975789580
662,Christine Martinez,790-59-8732,angela04@yahoo.com,6011765867857370
663,Steven Grant,790-16-5835,samantha86@gmail.com,377177619414064
664,Julie Cruz,200-30-5644,logan21@gmail.com,5566102933390370
665,Tyrone Grant,214-22-5639,marcustaylor@gmail.com,676168851662
666,Michael Houston,723-80-1185,glennstrickland@hotmail.com,4860316558732310
667,John Case,020-79-2728,xrowe@gmail.com,30072365937799
668,Erik Lamb,004-02-4853,danielhernandez@yahoo.com,6011620675316260
669,Mike Keith,404-57-2826,chadphillips@hotmail.com,4319012004085210
670,Bruce Frank,626-73-5446,hallkirk@yahoo.com,180042653409213
671,John Bauer,882-44-1983,vharvey@hotmail.com,589365871088
672,Cheryl Barnes,851-94-8211,christopher42@hotmail.com,3112020701877500
673,Monica Foster,878-74-6181,jasminebridges@hotmail.com,3088618317509840
674,Alexandra Matthews,845-21-2564,christinecline@gmail.com,3096014725224700
675,Rebecca Mills,026-85-1313,traceyyoder@gmail.com,30055820028528
676,Troy Murphy,863-65-9008,mariawatts@hotmail.com,30167090253577
677,John Ibarra,714-24-0760,emma85@gmail.com,4585921532855
678,Shaun Smith,885-14-6324,lisajoyce@hotmail.com,869900100358275
679,Stephanie Butler,808-99-9105,aoliver@hotmail.com,5384897829416170
680,Amy Peterson,461-70-1243,goodmanmarisa@hotmail.com,6011640696560860
681,Allison Miller,324-64-6208,williamsbrandon@gmail.com,4718200234750330
682,Andrew Garcia,597-02-7516,maryharris@gmail.com,5485385372965280
683,Sandy Ramirez,464-95-9145,smithkimberly@gmail.com,30209484440350
684,Danny Watson,339-31-2136,shannonthompson@hotmail.com,3528799301624310
685,Craig Johnson,658-86-6136,wwilson@hotmail.com,3158186434747980
686,Diane Bowman,301-24-9355,davisnatalie@gmail.com,4219398243305
687,Melanie Davis,428-39-5014,nelsonsharon@hotmail.com,869998743201043
688,James Rodriguez,632-76-0339,stephaniesmall@gmail.com,3096309689731110
689,Kathryn Johnson,270-34-6908,natalie22@hotmail.com,343781912313914
690,Randy Thomas,782-01-8703,jennifer73@yahoo.com,180069787365185
691,Dwayne Anderson,795-85-9421,itaylor@hotmail.com,344880666454590
692,Darren Roberts,290-83-8964,fergusondavid@gmail.com,4628793728003190
693,Laura Osborne,405-61-2015,james10@yahoo.com,30480619878281
694,Joshua Key,146-63-1134,emily43@yahoo.com,210057643098631
695,Brandon Powell,054-64-7294,rachel51@hotmail.com,5521080855808930
696,Timothy Graves,589-43-3648,wattsmichael@yahoo.com,869985683177325
697,Tonya Johns,234-16-1377,theresa40@yahoo.com,3158540465358440
698,Charles Wood,275-35-5921,wardtheresa@gmail.com,3528474095927220
699,Amanda Taylor,401-32-3210,markrowland@gmail.com,4239518566275080
700,Andrea Graham,275-50-1475,josechavez@gmail.com,589300709096
701,Amy Boone MD,701-23-8140,daniel52@gmail.com,30460680096591
702,Dana Hoover,842-94-7371,dlambert@hotmail.com,3337298884909490
703,Dale Mccann,717-31-9849,jsmith@hotmail.com,5155683725241100
704,Nina Romero,892-48-0194,lisaramsey@yahoo.com,869940887026596
705,Patrick Butler,630-38-1236,alexis00@gmail.com,6011340287000490
706,Ian Powell,617-77-8707,zhill@yahoo.com,5486273656563900
707,Ashley Watson,145-02-8206,ucalhoun@hotmail.com,3528616238795780
708,Nicole Jackson,706-84-1465,ylove@yahoo.com,3158465771038380
709,Richard Bennett,596-23-2920,matthew72@yahoo.com,4242054414692750
710,Melanie Jensen,899-03-7346,erikavargas@yahoo.com,5170742093574670
711,Adam Pennington,404-15-9792,zcampbell@gmail.com,5233436743543230
712,Monique Mcbride,193-06-8114,randyhess@yahoo.com,6011475382952630
713,James Alvarado,742-07-6068,monicafowler@gmail.com,349508589969460
714,Michael Brewer,222-07-0364,castillokelly@gmail.com,30518461001351
715,Daniel Beasley,600-29-0479,simmonsedward@gmail.com,639036120686
716,Amber Chambers,764-10-5853,nicholas40@yahoo.com,180053121151618
717,Sharon Weaver,307-29-0650,csmith@hotmail.com,502011833006
718,Lisa Walton,554-19-4925,taylorjohnathan@gmail.com,501894663449
719,Michael Hart,817-71-5602,sarahsmith@yahoo.com,348990160814045
720,Sara Johnson,651-54-0090,mary10@yahoo.com,4691205598669
721,Douglas Williams,871-83-9317,dustinjenkins@yahoo.com,3528846236567270
722,George May,174-34-9330,kathleen83@yahoo.com,4812695388961
723,Christina Santos,436-64-2065,xallen@hotmail.com,3158846093767490
724,James Stevens,728-04-3031,benjamin36@yahoo.com,676307950656
725,Megan Gray,305-58-4203,campbellvanessa@hotmail.com,4087991722508
726,Nicole Davis,524-86-3211,toddrichard@hotmail.com,3158246840231630
727,Mark Young,888-09-3073,allison42@yahoo.com,869904118603367
728,Kiara Anderson,888-10-7244,lisa82@hotmail.com,345876290777033
729,Eric Wise,297-87-3590,grogers@gmail.com,5285254574815450
730,Erika Fernandez,600-80-5384,mark23@gmail.com,6011520081025150
731,Chase Smith,454-14-5460,hbutler@yahoo.com,3112553535484780
732,Melissa Lynch,885-73-5809,hobbsthomas@yahoo.com,4511711459033020
733,James Joyce,842-17-5777,edward81@gmail.com,4705118590130450
734,Jennifer Hancock,655-69-5879,terry86@gmail.com,869970688319767
735,Kenneth Henderson,445-99-3337,harriscarmen@yahoo.com,676366883699
736,Allison Santos,808-87-5001,waguilar@yahoo.com,210012700527790
737,James Reid,225-41-2913,christopher25@yahoo.com,341947701386146
738,Miranda Carroll,875-27-7737,johnsonthomas@yahoo.com,869954083846830
739,Frank Becker,153-32-3544,danielfaith@yahoo.com,3528412666602310
740,John Buchanan,488-99-2708,blakefox@yahoo.com,5311099283719310
741,Elizabeth Parker,781-40-8079,esaunders@hotmail.com,4939067022041
742,Doris Herrera,390-97-2738,julie97@gmail.com,4976972851098
743,Kellie Taylor,224-87-5599,sean84@hotmail.com,502044329410
744,Jennifer Mccarty,516-05-3980,wdiaz@yahoo.com,3158856443099460
745,Dennis Nelson,285-05-5019,fanderson@yahoo.com,30428904325971
746,Whitney Fisher,527-15-2801,martinchristie@yahoo.com,4121146479639
747,Nicholas Hodges,247-46-7696,anthonyjackson@gmail.com,3088357198532170
748,Joyce King,289-63-5926,cynthiagarcia@yahoo.com,379601909487025
749,Nichole Walker,882-27-7225,teresafrey@yahoo.com,5577154083295840
750,Melissa French,531-46-8868,gibbsvictoria@hotmail.com,4243795509266710
751,Kari Anderson,324-07-2983,hfoster@hotmail.com,4153028388961130
752,Edgar Murphy,689-05-0910,kimberlywagner@gmail.com,3528521720240420
753,Mrs. Tanya Simon,527-07-3850,gball@hotmail.com,6011274079055100
754,Elaine Anderson,608-15-0148,smiller@yahoo.com,4328845095885
755,James Mcdonald,072-72-1408,ddiaz@hotmail.com,4096245278944270
756,John Delacruz,547-38-8016,rhonda95@hotmail.com,869928087751725
757,David Ross,456-43-6909,lroberts@yahoo.com,869916573652598
758,Joy Phelps,196-44-1329,langchelsea@gmail.com,349003053968560
759,Ryan Gibbs,184-47-9290,kimberly62@yahoo.com,4236923991292910
760,Johnny Price,510-60-2063,jack31@yahoo.com,340539656433964
761,Lisa Ross,164-23-7199,lfuentes@hotmail.com,30133612405889
762,Carol Floyd,813-62-3584,michaelholloway@hotmail.com,501811099685
763,Derrick Fitzpatrick,247-90-6281,kaylapaul@hotmail.com,6011926426010110
764,Emily Lloyd,686-83-5926,delacruzmary@hotmail.com,30298487825345
765,Thomas Hamilton,676-11-2510,lhiggins@gmail.com,5154706104743280
766,Christina Williams,384-26-9725,amy15@hotmail.com,3112474788318240
767,Michael Martin,388-70-7335,oadkins@yahoo.com,5584302355372640
768,Lisa Johnson,566-29-7194,luis82@yahoo.com,180005451136239
769,Michelle Vang,883-26-0376,yjohnson@yahoo.com,676137607674
770,Russell Kirby,316-95-1371,gardnersusan@hotmail.com,30294421252035
771,Keith Walker,604-37-6961,campbellfrank@gmail.com,501850571511
772,Christopher Taylor,239-33-1442,gregory45@gmail.com,180052210258441
773,Holly Reynolds,533-31-2758,aguirrescott@hotmail.com,30325344037069
774,Albert Howell,597-58-4082,bmyers@gmail.com,30277537176073
775,Samantha Blair,700-99-8582,tylergoodwin@yahoo.com,210012526402301
776,William Leonard,860-40-5918,prattbethany@yahoo.com,5459667454366460
777,Stephanie Saunders,521-95-2875,rebecca49@yahoo.com,5524518179406470
778,Kimberly Davenport,128-85-0661,mmorrow@hotmail.com,4296398894810200
779,Michael Johns,615-19-7766,andrewarcher@yahoo.com,4610139682766550
780,Taylor Wise,107-01-3786,sosachristina@hotmail.com,30011860735639
781,Darlene Lutz,798-74-6969,lucerolisa@yahoo.com,4756246151271
782,Alexander Kramer,358-80-5572,timothydoyle@gmail.com,639092115182
783,Benjamin Peterson,821-27-3489,zmarshall@gmail.com,589328572591
784,Dana Meadows,671-34-1869,charlesjohn@yahoo.com,3158209173624790
785,Philip Miller,247-77-4538,mrios@hotmail.com,30006394995477
786,Kayla Coleman,074-60-7139,maldonadophilip@gmail.com,180057197845110
787,Michael Joseph,099-27-1739,sparkscynthia@gmail.com,30391161599664
788,Sophia Li,738-01-3105,michaeljohnson@hotmail.com,30339021681008
789,Elizabeth Lopez,114-14-3638,tracywarner@hotmail.com,3158208087216050
790,Cynthia Schultz DDS,613-94-1020,adamblanchard@yahoo.com,5113499652481340
791,Crystal Jones,281-73-1314,ichoi@gmail.com,3096337216938090
792,Amy Guzman,227-95-1406,chris06@hotmail.com,869993564557987
793,Mr. Dale Pugh,775-11-4274,jasmine06@hotmail.com,210023466079702
794,Lisa Gonzales,128-20-4387,dana29@yahoo.com,3096323567050900
795,Scott Wood,318-48-2154,ruizkaren@yahoo.com,6011946021227680
796,Peter Wilson,840-52-8670,ashley32@yahoo.com,869984285093915
797,Sarah Johnson,129-55-9958,stephenluna@yahoo.com,6011661991942890
798,Tammy Brooks,298-24-1543,oberg@yahoo.com,4682602559016
799,Dylan Hill,313-03-1677,jeremy00@gmail.com,3088922719442150
800,Brian Nichols,144-19-5627,kschultz@yahoo.com,4314866966414950
801,Jessica Robinson,467-52-1158,pruittmichael@yahoo.com,30575669738010
802,Michael Odom,150-59-3456,williamyoung@hotmail.com,378094595633931
803,Brandon Newton,307-56-3249,maldonadomary@gmail.com,30470392643705
804,Heidi Brown,819-81-7959,brittanycain@yahoo.com,5511194016149550
805,Nicole Sloan,855-92-2800,murphyshawn@yahoo.com,30154592567472
806,Austin Hendricks,825-57-5962,gwendolynmoss@gmail.com,4456645731244040
807,Paula Anderson,440-65-4802,harrismichael@hotmail.com,30096823585361
808,Kristen Harris,430-10-8717,nwilliams@gmail.com,3158201209190870
809,Rodney Coleman,452-89-8977,charlesray@hotmail.com,4879644518239200
810,Paul Roberts,307-21-8708,robertshaw@hotmail.com,869976869461641
811,Kimberly Sullivan,498-58-9220,jgood@yahoo.com,3158922679450170
812,Patricia Jones,387-91-2998,derek99@yahoo.com,4213318677154150
813,Laura Meadows,708-50-9107,kimberlybrown@hotmail.com,5276581536758950
814,Deanna Ward,002-72-3880,michelle81@hotmail.com,502051280985
815,Jose Simmons,409-03-6499,harperchristine@gmail.com,210074366083435
816,Caroline Parsons,329-41-4413,alexander90@gmail.com,3096232830447790
817,Joshua Odom,441-84-5577,mary13@gmail.com,4344464481338430
818,Mark Mendoza,067-14-6898,whernandez@yahoo.com,3158018279007470
819,Nicholas Goodwin,457-99-6362,carrjared@yahoo.com,3088216279438800
820,Sue Thomas,249-88-5678,vaughnnicole@gmail.com,344789331204001
821,Jack Gutierrez,736-41-3848,manthony@hotmail.com,3112415831262890
822,Tracy Vasquez,255-34-5153,onealrachel@gmail.com,3158954790151120
823,Mrs. Lisa Garcia,220-21-2447,william87@gmail.com,30380240170308
824,Amy Peterson,137-53-9458,cmontgomery@gmail.com,4533290077180830
825,James Johnson,318-42-1173,zachary11@hotmail.com,5161841742362860
826,Christine Finley,396-02-4800,brownmaxwell@gmail.com,210059676711171
827,Zachary Lewis MD,543-72-0902,keithdixon@gmail.com,4714595255037
828,Gary Porter,830-65-5424,beverlywalls@gmail.com,869994278425917
829,Samuel Nichols,846-98-6955,matajames@yahoo.com,210001091500938
830,Joseph Nguyen,427-10-2707,dwright@gmail.com,4834609091965730
831,Alexandra Johnson,333-08-7740,tsanchez@yahoo.com,4278633066740350
832,Thomas Smith,051-36-4488,trevor14@gmail.com,589362039101
833,Jeffrey Freeman,197-60-8680,tanya62@hotmail.com,4950985671932080
834,David Reyes,465-92-5253,wblack@gmail.com,503806953934
835,Kristin Cole,010-10-8656,hillcarmen@gmail.com,4062016006104
836,Brandy Ray,022-98-9396,hsimpson@yahoo.com,3158992538134910
837,Jennifer Jackson,029-72-6112,kellysims@gmail.com,4807869731959430
838,Lisa Kerr,135-33-3582,barrerazachary@yahoo.com,869936014989409
839,Richard Dalton,756-95-0552,leslie53@gmail.com,4352019999289390
840,Randall Salazar,263-11-2705,rosariochristopher@hotmail.com,4940930533212620
841,Kenneth Proctor,614-79-2085,xmorris@hotmail.com,30589999046044
842,Angel Kramer,551-11-5757,joseph62@gmail.com,869953466546660
843,Meghan Mitchell,058-07-2334,yduffy@hotmail.com,5328416291377180
844,Sarah Johnson,410-37-6107,angela58@hotmail.com,6011723821826830
845,Jonathan Espinoza,872-77-6602,douglasdavid@hotmail.com,4237301404137340
846,George Bradshaw,138-74-4655,melissa80@gmail.com,3337866273101840
847,Amber Armstrong,823-46-0588,rosemorgan@yahoo.com,6011436441080590
848,Alisha Bonilla,149-34-6021,zshaw@gmail.com,30245226355621
849,Kimberly Moreno,490-39-6396,zwalker@gmail.com,4315840409105710
850,Stephanie Rice,669-65-5216,sharonsanders@gmail.com,6011562120773040
851,Joshua Alexander,279-71-6988,nicole35@gmail.com,3112742272795740
852,Mason Hickman,824-58-1094,natasha25@gmail.com,676100747184
853,Hannah Brennan,049-25-1845,seanfernandez@gmail.com,4223421792734
854,Gina Herring,461-68-4027,jerrynelson@yahoo.com,869941719433216
855,Matthew Anderson,713-61-6579,millsdonald@yahoo.com,869963634180508
856,Allen Phillips,116-21-1776,phillipsmarilyn@yahoo.com,3337970450647610
857,Alan Lin,205-24-3278,oking@yahoo.com,501833497107
858,Ashley Butler,031-21-5374,nicholasdavila@gmail.com,346380664853511
859,Jordan Fowler,191-95-3165,pgreen@gmail.com,30590998049906
860,Natasha Hoover,273-47-2901,jennifer44@gmail.com,4608368506941
861,Lauren Miller,165-31-0783,bdunn@yahoo.com,675992241777
862,Kelly Johnson,149-21-9911,nfitzgerald@gmail.com,4805978841714370
863,Regina Aguilar,569-74-3535,woodsbarbara@yahoo.com,4615058081663290
864,Shawn Reyes,444-37-6570,amoore@yahoo.com,589339373930
865,Ronald Jarvis,600-02-5410,joel02@hotmail.com,3528412069972440
866,Andrew Wallace,582-79-6870,jerryrojas@gmail.com,4289050901422210
867,Amber Brooks,732-75-8781,chelseapetersen@gmail.com,869951427248038
868,Rachael Duran,698-10-9643,michael59@gmail.com,30524276988394
869,Eddie Moss,178-41-9865,otaylor@gmail.com,4039297832748010
870,Jeffrey Pittman,009-98-4222,qnelson@gmail.com,4457463240111810
871,Mr. Johnathan Johnston,202-68-0166,roberttaylor@hotmail.com,4742767491003900
872,Grace Huang,733-95-3866,qweiss@yahoo.com,3096778788402100
873,Victoria Miller,706-19-3736,cbowers@hotmail.com,6011039077842420
874,Sherri Allen,383-67-2156,jessicadaugherty@yahoo.com,375011712878341
875,Jade Brewer,229-63-0504,kathleen75@hotmail.com,30182418932539
876,Colin White,008-71-6403,charles25@hotmail.com,3088424825223040
877,Duane Crane,896-88-9119,michaelgonzales@hotmail.com,3096536855467980
878,Janice Byrd,569-50-8992,mollybryan@gmail.com,4886237246901890
879,Jeffrey Chapman,701-52-9419,kelly26@hotmail.com,4875746446987460
880,Jose Fuentes,692-73-8676,chapmancrystal@hotmail.com,371074034628855
881,Samantha Mann,882-17-0319,carterwilliam@hotmail.com,30193345320953
882,Deanna Armstrong,051-46-8875,wnelson@yahoo.com,3096410398964570
883,Desiree Scott,162-04-0061,wolferebekah@yahoo.com,5528271974117310
884,Michelle Wilson,676-87-2394,jeremyedwards@yahoo.com,4479977465717
885,Angela Marshall,420-11-8334,rwebb@hotmail.com,210043068034715
886,Spencer Williams,590-47-0011,lindabrown@yahoo.com,675915302524
887,Molly Johnson,491-37-3819,davidcox@hotmail.com,6011280878573420
888,Julie Lang,195-58-3579,kingjohn@yahoo.com,4407133495793870
889,Phillip Trujillo,398-23-8976,megan85@hotmail.com,180049929716057
890,James Davis,350-48-8129,littlerobin@yahoo.com,4758641769475520
891,Stephanie Jones,441-31-7210,ibarrett@yahoo.com,378915015083796
892,Evan Collier,877-83-2934,seanrose@hotmail.com,5195572391672810
893,Angela Torres,043-16-2238,susan05@yahoo.com,3112644007476250
894,April Hutchinson,388-78-5037,kevin84@gmail.com,869941627574895
895,Jamie Mcmahon,180-93-9495,weeksdebbie@hotmail.com,4805464541117
896,Michael Ford,796-15-2268,kevin89@yahoo.com,4913006538007730
897,Frank Sherman,174-93-4292,amber22@gmail.com,6011049067025430
898,James Matthews,552-12-2084,ashleysaunders@gmail.com,3088465433645470
899,John Smith,840-77-7126,wirwin@hotmail.com,3088042088020830
900,Tony Maynard,044-77-4448,deckerzoe@gmail.com,869968142165081
901,Katherine Pope,049-99-3998,balljoshua@hotmail.com,5416307858717000
902,Christopher Davis,298-38-9128,hendrickstaylor@hotmail.com,869924051507771
903,Richard Mercado,414-94-5556,scott55@gmail.com,372695139998378
904,Aaron Perez,796-83-3841,kimberlyclark@gmail.com,676339153170
905,Christine Peters,097-84-6451,yarellano@hotmail.com,6011813727946380
906,Kimberly Hill,624-19-3041,brookekent@hotmail.com,675984307974
907,Tiffany Howell,516-73-1144,rcarlson@yahoo.com,3528639161174680
908,Kevin Smith Jr.,737-51-0924,djacobs@gmail.com,30303494231154
909,David Montgomery,678-32-6029,gregorycruz@hotmail.com,30181320789771
910,Daniel Fletcher,621-42-6425,blairrenee@gmail.com,210064407300211
911,Heather Aguilar,124-11-2541,scottwalter@yahoo.com,3112416828046630
912,Steven Schneider,186-01-9003,anthonywilliams@gmail.com,676253751694
913,Richard Wilson,307-18-8324,fletcherdennis@yahoo.com,3158566814716200
914,Clifford Butler,232-51-9041,bbaker@yahoo.com,3337112826881430
915,Luis Lee,525-99-4349,jimenezlindsay@gmail.com,869942632835602
916,Brian Jones,066-82-0974,thomashiggins@hotmail.com,5351450962265880
917,Chris Whitney,196-60-2654,julie09@yahoo.com,5356378328678460
918,Linda Shields,019-52-9227,teresa46@hotmail.com,4877649957537810
919,Pamela Ray,805-15-0212,mcclurechristopher@gmail.com,6011122681363540
920,Corey Pearson MD,072-90-8526,vangjorge@gmail.com,3158065322266030
921,Tiffany Reed,643-39-6863,anthony98@gmail.com,3112355287386040
922,Mary Wiggins,574-09-8632,torresbonnie@hotmail.com,210073619970349
923,Joshua Hardy,594-06-0794,jdelgado@hotmail.com,5593279962891240
924,Kevin Riley,687-64-4735,jeffreyroberts@yahoo.com,6011369812876350
925,Caleb Mendoza,692-45-7720,umccormick@gmail.com,503859945589
926,Pamela Boyd,339-08-7612,tiffany25@yahoo.com,589329936746
927,Deanna Hill,428-43-4047,david35@hotmail.com,4683212869839810
928,Michael Norman,395-86-0616,qsolomon@yahoo.com,3112041704219410
929,Terri Schultz,196-94-9018,rebecca37@yahoo.com,30041148622200
930,Zachary Norton,156-66-1377,ryan85@hotmail.com,3337456218458370
931,Mallory Brewer,445-53-0473,glendapeters@gmail.com,373463943284231
932,Angel George,597-29-7174,pruittedward@yahoo.com,3112102619938920
933,Laura Green,050-73-8778,ehall@gmail.com,4947072295137680
934,Lisa Brown,050-30-5273,vargasshawn@hotmail.com,6011707063540930
935,Nicholas Thompson,030-04-5901,christine86@gmail.com,30531301644165
936,Carol Nichols,554-42-8431,gyoung@gmail.com,3528147693252200
937,Dylan Lutz,008-93-2091,aanderson@gmail.com,4331869019325770
938,Peter Vincent,232-70-8469,kgood@yahoo.com,3096907021749340
939,Patricia Roberts,360-38-1607,vcampbell@hotmail.com,4289284381693940
940,Cynthia Brady,135-88-4303,brianagutierrez@gmail.com,3337034000792270
941,Alexander Wells,019-63-6657,xmiller@gmail.com,3158484672297330
942,Jessica Lozano,508-72-6934,michelle82@hotmail.com,4668558813701390
943,Timothy Shepard,111-72-4361,hinesmichele@gmail.com,4835687707785310
944,John Mann,439-82-5426,udalton@gmail.com,869941825072593
945,Mark Lawson,085-87-9275,ashley22@hotmail.com,30576534684561
946,Amber Ross,356-42-2013,julianbarr@hotmail.com,3337379273091100
947,Anthony Garner,363-81-1245,kempheather@gmail.com,3158724757163060
948,Samantha Lewis,078-56-4672,hurleyjacqueline@gmail.com,4735442930845
949,Scott Harris,088-88-8759,torreskathryn@yahoo.com,676359904841
950,Debbie Black,312-69-8456,brandycampbell@hotmail.com,346373924743135
951,Benjamin Collins,634-04-9500,valerie80@hotmail.com,4756568926730
952,Jasmine Yu,810-87-0247,pschwartz@hotmail.com,676333541073
953,Isaiah Parsons,630-30-5354,lbryan@gmail.com,3528976772799610
954,James Beck,030-47-4509,fpierce@yahoo.com,6011657910488860
955,Charles George,363-40-8298,danielherrera@gmail.com,180030662886927
956,Sabrina Martinez,490-25-7100,matthew41@gmail.com,210012092034850
957,Christina Hall PhD,417-52-1773,iellison@hotmail.com,3158063002315190
958,Lauren White,195-09-3668,htucker@yahoo.com,30355641754272
959,Dawn Diaz,606-04-8187,huynhmichael@gmail.com,370129574136098
960,Thomas Smith,425-08-9551,dkim@hotmail.com,180051608462961
961,William Griffin,826-51-7002,stacy71@yahoo.com,4290234603867870
962,Timothy Reynolds,491-83-9176,john03@hotmail.com,6011104245886890
963,James Baxter,839-63-5795,wjones@yahoo.com,4263846906212
964,Gail Martinez,152-94-1139,raymond29@gmail.com,4559583598907880
965,Gregory Mccarthy,249-12-3873,patricia73@hotmail.com,3337911569023890
966,David Collins,497-65-2514,charleshaney@gmail.com,869908918645197
967,Joseph Logan,432-47-3125,leonkhan@yahoo.com,343550400721486
968,Brett Turner,106-62-7479,elizabethbrady@gmail.com,30182252968995
969,John Reyes,715-80-2073,xconner@yahoo.com,30060458643549
970,Tammy Vargas,348-38-5514,ymccarthy@yahoo.com,347825464183203
971,Veronica Foster,667-64-3757,eric04@yahoo.com,30330159552392
972,Michael Ruiz,370-60-3075,imartinez@gmail.com,30537258047393
973,Alicia Pham,138-30-1359,jamesjessica@yahoo.com,3158664521270320
974,Matthew Walker,874-39-7691,john98@hotmail.com,869944404443235
975,Mark Marks,806-26-8251,herreradavid@yahoo.com,3337943573626470
976,Jonathan Bean,030-44-2465,michaelthomas@yahoo.com,210095325094601
977,Anna Mason,403-12-2989,cfritz@gmail.com,210056939656664
978,Mary Hinton,485-53-2017,oliverfrank@yahoo.com,561259244284
979,Judith Jenkins,824-72-2006,mgomez@gmail.com,30225727122373
980,April Tanner,307-80-0727,pierceellen@yahoo.com,3088506131965780
981,Kimberly Ware,663-80-6198,hgordon@yahoo.com,502055871474
982,Lawrence Taylor,303-13-7818,henrydakota@hotmail.com,3528372492053090
983,Edward Bush,162-65-6920,awells@gmail.com,30421942585862
984,Nancy Mathews,780-06-8916,armstrongjohn@hotmail.com,3112928827985790
985,Julie Moss,646-13-5966,morganronnie@hotmail.com,5133312323078620
986,Ian Booker,491-37-9118,reevesdevin@hotmail.com,5397703099177440
987,Timothy Camacho,061-42-1878,isaiah59@yahoo.com,3528762395689110
988,Shannon Morris,806-94-0372,breanna91@hotmail.com,869911186983738
989,James Powell,445-20-7763,margaret88@gmail.com,378413621272953
990,Ashley Castillo,614-56-3152,fieldsbryan@gmail.com,4883805808511
991,Wendy Brown,255-68-9109,smithlinda@gmail.com,30209687232687
992,Monica Chavez,508-88-7632,jbrown@gmail.com,4087351159516320
993,Kari Cunningham,050-22-2256,larry21@yahoo.com,4351687402293360
994,Justin Beltran,098-46-6344,charles38@hotmail.com,180074284360614
995,Tracy Hutchinson,860-71-9995,michaelparker@hotmail.com,4573791382360870
996,Scott Lopez,818-62-7322,edwardsandrew@yahoo.com,869959357792842
997,Kenneth Gay,675-31-4630,uevans@yahoo.com,6011677736534690
998,Natasha White,376-09-6846,rbartlett@gmail.com,869938677973241
999,Adam Evans,704-45-0969,tashagaines@hotmail.com,4486343237647
1000,Wesley Scott,290-30-1407,joseford@hotmail.com,6011846442486030
1001,Christopher Campbell,148-54-4267,dawnyoung@yahoo.com,869915484494793
1002,Allison Soto,386-85-2431,donald39@yahoo.com,6011093690412290
1003,Stacey Anderson,486-89-1044,sarias@gmail.com,6011496220690280
1004,Jack Garcia,556-90-8176,qrobinson@yahoo.com,4149077367542020
1005,Jared Thompson,243-35-5813,alvarezrebecca@hotmail.com,4439739814649530
1006,Susan Owens,187-24-3677,amandahudson@hotmail.com,589355927809
1007,John Taylor,359-98-6952,garybullock@gmail.com,3337241700926800
1008,Derrick George,164-53-4642,amy24@hotmail.com,30269959516282
1009,Mrs. Mary Long,159-82-3361,jlawrence@hotmail.com,3528092761323040
1010,Andrew Martinez,088-65-2922,kimberlydunlap@yahoo.com,676111097959
1011,Justin Adams,762-50-5698,brownhaley@yahoo.com,3112683566677280
1012,Troy Mann,131-22-9824,alexanderweber@gmail.com,371058402989148
1013,Zachary Gomez,534-49-6950,castrojesus@gmail.com,4675997145262460
1014,Heather Farrell,313-34-6903,mwilliams@hotmail.com,3096363536003970
1015,Kristie Moran,391-23-7028,rodriguezdaniel@gmail.com,869976679926957
1016,David Morales,235-31-6101,hobbscaleb@gmail.com,501897542772
1017,Peter Lee,043-57-0160,steven10@yahoo.com,869946230647616
1018,Madison Bonilla,422-67-4705,cookstephanie@gmail.com,3158153951519850
1019,Dr. Albert Johnson,475-49-0455,esparks@gmail.com,3158553307451520
1020,Stacy Riley,469-65-9996,jacobtaylor@yahoo.com,6011769524409640
1021,Henry Richard,179-06-2553,rodriguezdawn@hotmail.com,210009498499919
1022,Joseph Walker,776-49-1724,melissayoung@yahoo.com,210062403706621
1023,Tracy Terry,802-53-9046,meganmartin@hotmail.com,4437450756482960
1024,Tammy Sherman,281-20-8389,kimberly68@gmail.com,180077356603654
1025,Logan Valdez,799-89-6848,coxlindsay@gmail.com,4446724055003390
1026,Douglas Fields,256-71-1757,hallison@hotmail.com,869925151052469
1027,Rachael Jackson,472-44-6114,michelle11@gmail.com,3096059401453460
1028,Holly Raymond,574-53-3098,ckim@gmail.com,3158730273774250
1029,Jesse Gamble,121-76-7294,parkereric@hotmail.com,5343758351213710
1030,Jeffrey Eaton,542-63-1151,nicholas95@gmail.com,869938139124367
1031,Robert Maldonado,777-23-0071,xmiller@gmail.com,345952689827836
1032,Clayton Kelley,105-49-7216,henrywall@gmail.com,4342081305734
1033,Amy Wright,605-74-1506,jason21@gmail.com,210053841373157
1034,Julie Jones,657-49-8023,robertpierce@hotmail.com,639025229720
1035,John Meyer,605-94-5857,rebecca74@yahoo.com,180087512023382
1036,Jennifer Alvarez,795-78-6011,alexandria54@gmail.com,376372568235187
1037,Amber Buckley,306-22-6407,bishoprichard@yahoo.com,6011655254043160
1038,Michael Frank,025-51-7516,greenkenneth@yahoo.com,371875776169985
1039,Samantha Haney,124-09-0267,smiller@hotmail.com,30232207569552
1040,Charles Walker,760-50-9129,courtneygentry@hotmail.com,341032499018043
1041,Rebecca Rodriguez,143-38-5377,julie03@gmail.com,869987112166648
1042,Mrs. Julia Goodman,802-30-3662,tylerlydia@gmail.com,4402496294772
1043,Briana Johnson,383-22-4403,davidsanchez@gmail.com,676211394686
1044,Amy Robertson,765-17-8104,patriciahicks@gmail.com,30484869264002
1045,Laura Rodgers,306-86-2950,sarahmcdonald@gmail.com,3528452192000290
1046,Ethan Williams,831-59-2989,xcooper@gmail.com,4499267997129250
1047,Elizabeth Elliott,829-99-6584,erica74@gmail.com,30114358784679
1048,Jessica Newman,584-52-0035,wlopez@gmail.com,676173039865
1049,Christopher Wagner,077-21-0660,daniel39@hotmail.com,30253483503834
1050,Felicia Castillo,456-41-0876,hmcclure@gmail.com,5117275244705720
1051,Jeremy Bailey,575-71-1448,annette71@gmail.com,30397654929078
1052,Kathy Chandler,806-72-2005,rileyrick@gmail.com,372727520585868
1053,Lisa Johnson,260-06-7019,richardfreeman@gmail.com,4854841695518900
1054,Danielle Graham,665-19-7705,richardsonalexandra@gmail.com,30071894731772
1055,Elijah Weber,352-58-5446,uperez@gmail.com,4943840078916
1056,Jeremy Johnston,037-10-0183,jennifer14@yahoo.com,378538329159845
1057,Dennis Barry,526-73-1900,angela50@gmail.com,4151880716359
1058,Kelly Long,719-61-8023,bfernandez@gmail.com,869911207266212
1059,Kelsey Roberts,597-11-2127,allenmarcia@hotmail.com,6011767434659490
1060,Antonio Conley,637-10-5363,ejones@gmail.com,4866610503914
1061,Brandon Cook,217-97-2471,terri66@gmail.com,639095397746
1062,Kristin Malone,448-30-6259,richard73@yahoo.com,4180124408226
1063,Carmen Owens,527-04-0305,dmoore@yahoo.com,5225734003629430
1064,Danielle Cannon,298-57-5027,jesselopez@gmail.com,30079422543460
1065,Patrick Smith,109-36-7507,villegasdavid@yahoo.com,30028196662717
1066,Jeffery Madden,605-96-4153,pamelamendoza@gmail.com,4948762265272580
1067,Jennifer Payne,614-25-3298,barnettchristopher@gmail.com,869969885791877
1068,Michelle Nichols,264-56-6510,kathyevans@yahoo.com,4555374873232630
1069,Rebekah Rose,401-42-1661,karimoore@hotmail.com,3088569864307150
1070,Nicholas Cox Jr.,694-96-0201,pmoore@yahoo.com,675976389832
1071,Jamie Skinner,331-27-8867,omichael@gmail.com,3528405192755910
1072,Aaron Hernandez,144-96-3221,lindsey10@hotmail.com,6011765124912120
1073,Nancy Cummings,545-99-2391,peter47@yahoo.com,4650670072837540
1074,Sarah Bishop,607-83-9922,william43@hotmail.com,346135881162991
1075,Daniel Smith,486-79-1740,kimberly04@hotmail.com,6011461721935890
1076,Kimberly Monroe,801-62-7820,westjamie@yahoo.com,3158012175979410
1077,Eric Brown,780-71-6902,dzimmerman@hotmail.com,6011803389067180
1078,Deborah Nelson,148-59-4388,reidangela@gmail.com,3337031083310460
1079,Gabrielle Miller,855-46-6308,robert54@yahoo.com,4311050557211
1080,Tina Hatfield,776-18-3734,juan66@gmail.com,6011707235463340
1081,Casey Jackson,579-90-2764,vasquezjessica@gmail.com,561224986647
1082,Laura Davis,035-59-2683,dorisrussell@gmail.com,503814187681
1083,Patty Gomez,571-07-1197,janicehughes@gmail.com,60441717976
1084,Teresa Brown,074-33-3604,shawn98@hotmail.com,869998112981449
1085,Brandon Thompson,667-91-6657,michael30@hotmail.com,4850917392087800
1086,Melissa Bailey,276-59-4685,huntpaula@yahoo.com,869929037778412
1087,Erica Smith,449-96-5988,barbarahansen@hotmail.com,347475543518969
1088,Stephanie Burke,701-55-3931,westlindsey@gmail.com,3096691021825220
1089,Amber Doyle,426-18-0377,tgomez@hotmail.com,5598788940693120
1090,Kayla Wheeler,255-64-1566,melissahansen@yahoo.com,5527746641085220
1091,Mark Murphy,310-29-4069,nataliegillespie@gmail.com,4445621232810070
1092,Tammy Mack,291-17-2177,marshcrystal@hotmail.com,4144962432905340
1093,Anthony Carey,038-49-5171,xcarrillo@yahoo.com,869908544353240
1094,Heather Lewis,684-02-1244,wellslori@hotmail.com,5514983634472930
1095,Darius Guerra,412-70-5429,kyle85@yahoo.com,373308942696580
1096,Lauren Fowler,075-55-9968,chancalvin@hotmail.com,676107095140
1097,Bryan Scott,540-45-2357,cvaughn@gmail.com,3112148523605340
1098,Joshua Johnson,827-36-5106,donald21@hotmail.com,3096012583786340
1099,Michele Young,559-40-5904,bryan87@yahoo.com,4794482837702010
1100,Aimee Carlson,682-60-5309,xblair@yahoo.com,4554477324601480
