show_id,show_name
1,Tracimouth
2,Kathleenmouth
3,Courtneyberg
4,East Kristy
5,Zacharymouth
6,Jorgeville
7,Port Erica
8,East Lindsay
9,East Sierra
10,Kevinport
11,Lake Crystal
12,Lake Dennis
13,Bobbyhaven
14,West Jessica
15,Aimeeburgh
16,North Jennifer
17,Lake Jessicashire
18,Gomezstad
19,Boyleport
20,Sharonshire
21,East Angelaland
22,East Matthewton
23,Derekburgh
24,Lewisburgh
25,South Danielstad
26,Cookberg
27,North James
28,New Patricialand
29,East William
30,South Lauren
31,East Joseph
32,New Marieton
33,Lake Anntown
34,Perkinsfort
35,Port David
36,Lake Laurachester
37,North Christopher
38,East Kyle
39,New Jenniferland
40,South Bethany
41,Leonardborough
42,Port Michaelshire
43,West Ashleyland
44,South Joseph
45,Johnsonmouth
46,Cartertown
47,East Michellemouth
48,New Paigeton
49,Nathantown
50,West Melissamouth
51,South Justin
52,Kathleenhaven
53,Lake Jason
54,Port Krystaltown
55,Wheelerhaven
56,East Michaelburgh
57,Codyside
58,Lake Karenhaven
59,Lake Matthew
60,West Michael
61,South Sara
62,Marystad
63,Williamland
64,Jefferymouth
65,Hodgesburgh
66,New Rhonda
67,Lake Scottview
68,Coxmouth
69,Port Toddville
70,Reyesburgh
71,West Christopherburgh
72,North Tracy
73,Sabrinaborough
74,Traceyville
75,Marshallside
76,Perrychester
77,Zacharyside
78,South Julieberg
79,East Dawnburgh
80,Jasonside
81,Calebstad
82,Hollymouth
83,Quinnburgh
84,Rodriguezton
85,Fosterville
86,Beckerbury
87,Amberstad
88,Vanessahaven
89,West Meredith
90,Michaelbury
91,Mcgeeland
92,Andersenmouth
93,Port Christopher
94,Kendrahaven
95,Christopherborough
96,Brianside
97,East Candaceberg
98,Daymouth
99,New Brendafurt
100,Staciemouth
101,Christineville
102,New Brianachester
103,North Elizabethfort
104,North Susan
105,Christinaland
106,Lake Jason
107,Port Todd
108,Steeleside
109,Landrytown
110,North Brittany
111,South Amychester
112,Tracyland
113,Johnsonstad
114,Russellbury
115,South Tanyastad
116,Lake Catherinetown
117,Randallbury
118,New Matthewview
119,Amandaport
120,Lake Whitney
121,Jonesville
122,Lake Samanthatown
123,New Chelsea
124,Erinview
125,North Jacob
126,Gilmorestad
127,East Christinaville
128,Kimberlyshire
129,Jasmineport
130,Chrisfort
131,South Wendy
132,Port Timothyhaven
133,Port Elizabethstad
134,Friedmanburgh
135,Lake Taraton
136,North Scottbury
137,Johnborough
138,West Angelicamouth
139,Charlesmouth
140,Lake Andrewborough
141,Mitchellstad
142,North Dawnstad
143,New Makaylaton
144,Lake Mitchellton
145,West Todd
146,North Shannon
147,Boothberg
148,New Heatherland
149,Lauraview
150,Wrightbury
151,East Brian
152,Michaelview
153,East Mary
154,Kimburgh
155,North Karlfort
156,Port Doris
157,East James
158,Robertburgh
159,Port Wanda
160,Jonesview
161,West Adamshire
162,Chandlerview
163,Nathanton
164,Villanuevahaven
165,Smithmouth
166,Woodsborough
167,New Molly
168,Port Lori
169,East Christopher
170,Tannermouth
171,Jamesfort
172,West David
173,North Kenneth
174,Kingmouth
175,Davisbury
176,Andrewton
177,North Dana
178,Robertsontown
179,New Gabrielaside
180,Port Julie
181,Rodriguezland
182,Lake Matthewport
183,Lake Alexanderburgh
184,New Deniseburgh
185,Maryfurt
186,New Katherine
187,Moorechester
188,Kevinhaven
189,Rickybury
190,West Daniel
191,Lake Joelhaven
192,Hunterburgh
193,Jonesview
194,New Samantha
195,New Richard
196,East Patricia
197,East Jessica
198,South Dana
199,Port John
200,Ramirezberg
201,Romanville
202,Sarahmouth
203,Evansshire
204,Port Dean
205,Dominiqueton
206,New Christopherbury
207,Winterston
208,Patrickshire
209,Trujillohaven
210,South Andrew
211,Amyhaven
212,North Ashley
213,Kingfurt
214,Moorestad
215,Mcfarlandside
216,Antonioton
217,South Cynthiafort
218,West William
219,Jamesfurt
220,Anthonymouth
221,Sparksbury
222,Port Jeffrey
223,Bruceton
224,Lake Christopher
225,North Richardberg
226,Hoffmanside
227,South Jordan
228,South Bryanton
229,Gavinville
230,Andrewland
231,Brianborough
232,North Jennifer
233,Jacquelineton
234,West Nathantown
235,West Michael
236,East Erica
237,Julieburgh
238,Lake Susanburgh
239,Lake Daniellebury
240,Youngburgh
241,East Hannah
242,Sarahport
243,Kristinland
244,Port Ashley
245,Lake Taraview
246,Olsenburgh
247,East Crystal
248,Georgehaven
249,Parkerside
250,Nolanborough
251,Toniburgh
252,Ericport
253,Graymouth
254,Port Michelletown
255,West Sandra
256,Port Steven
257,Cathyfort
258,North Robert
259,Sandraland
260,East Leeview
261,Port Timothyshire
262,New Anthony
263,West Kevin
264,South Anthony
265,North Jessica
266,New Stephenbury
267,New Joyce
268,Cookeport
269,Buckleyland
270,Williamsfurt
271,South Carolyn
272,North Jeremystad
273,Rhondaberg
274,Thompsonburgh
275,Davisland
276,South Emilyside
277,Deborahview
278,West Courtney
279,Jillianberg
280,West Susanborough
281,Zacharybury
282,Lake Anthonyport
283,Justinfurt
284,East Suzannetown
285,West Stephenberg
286,Munozton
287,North Connorberg
288,Port Bradley
289,South Juliemouth
290,New Josephland
291,Moodyfort
292,Mariofort
293,New Robertborough
294,Booneburgh
295,New Curtisburgh
296,Singletonport
297,Danielmouth
298,Beverlyville
299,South Jasonside
300,Wrightfurt
301,New Charlesville
302,Danielburgh
303,Port Charles
304,Lake Kimberly
305,South Amy
306,North Christopher
307,Natalieside
308,New Victor
309,Amyville
310,Christianborough
311,Lake Melissa
312,Phillipburgh
313,Port Megan
314,Clarkside
315,Lake Rachael
316,West Kathleenmouth
317,Port Kayla
318,South Richardton
319,West Sharonburgh
320,West Kevinton
321,West Timothy
322,Loganfurt
323,Kurtstad
324,Justinshire
325,Jamesbury
326,Arroyobury
327,East Ashleyton
328,Lake Matthew
329,East Timothymouth
330,Cynthiaton
331,Lake Emilyberg
332,West Sandra
333,Lake Melissa
334,Maryshire
335,Parsonschester
336,Brownfort
337,Lewisfurt
338,South Sandramouth
339,North Jaredtown
340,Katiefort
341,Tammyfort
342,Michaelberg
343,Troymouth
344,Cynthiafurt
345,New Kathryn
346,Michaelshire
347,Port Tracyshire
348,North Patricia
349,Lake Michael
350,Mackfort
351,South Dawnchester
352,Lake Charleston
353,Lake Robertton
354,Andrewberg
355,South Travis
356,Taylormouth
357,Port Victoriamouth
358,Jeffreyberg
359,Floreschester
360,South Victoria
361,Lake Katieberg
362,Penaberg
363,Jillville
364,Lake Samanthaton
365,Melissatown
366,Anthonyhaven
367,Jamesmouth
368,Larryfurt
369,Port Scottland
370,Kirstenfurt
371,Cynthiashire
372,Houstonside
373,Youngfurt
374,New Stephanieburgh
375,Dawnland
376,North Daisyburgh
377,Wadebury
378,West Brent
379,Brianmouth
380,Sarahmouth
381,Port Kristenton
382,Lake Samanthahaven
383,Lopezshire
384,Torrestown
385,North Timothy
386,North Codymouth
387,Port Kristopherbury
388,West Kevin
389,Gregoryton
390,Richardtown
391,Nguyenshire
392,New Larry
393,West Cheryl
394,East Andrew
395,New Jasonbury
396,West Jenniferbury
397,Angelahaven
398,West Crystal
399,Katelynchester
400,Cassandraport
401,Henrybury
402,Deannashire
403,Pottschester
404,East Deborah
405,South Johnchester
406,South Taraton
407,Hernandezton
408,Lake Gabrielle
409,Thompsonmouth
410,Basschester
411,Danamouth
412,South Kennethhaven
413,New Josephland
414,Abigailshire
415,Lake Tarafurt
416,Garciamouth
417,North Chelsea
418,Christinastad
419,Sarahbury
420,Jarvismouth
421,Carrieburgh
422,Martinezmouth
423,Christinefort
424,Theresamouth
425,New Mariaville
426,South Michaelborough
427,Reidfurt
428,Port Lindsaybury
429,Diazborough
430,Barbaraton
431,West Patrickfort
432,Anthonyton
433,Rodriguezfurt
434,Port Tracytown
435,Cunninghamport
436,Lake Kellychester
437,West Samuel
438,Jaystad
439,North Tiffanyborough
440,New Diana
441,Coxburgh
442,Port Samuelburgh
443,Stephaniemouth
444,North Vincentport
445,Jonesfort
446,Herbertchester
447,Port Brettborough
448,Hensleyville
449,Port Janice
450,East Erin
451,East Mariohaven
452,East Thomasview
453,Farleyside
454,South Franciscoborough
455,South Michaelland
456,North Charles
457,Jorgehaven
458,East Cynthia
459,West Anna
460,West Trevor
461,Gonzalezborough
462,Port Jasmineton
463,Codyside
464,Lake Wayneport
465,Millerbury
466,East Stephenburgh
467,Pattonmouth
468,Feliciachester
469,Lake Johnton
470,Robertbury
471,Kramerfort
472,North Marioburgh
473,North Ethan
474,Lake Robinfurt
475,Port Davidfort
476,Smithtown
477,Joannaside
478,Ayalaton
479,Kennedyland
480,Davidstad
481,Jonesport
482,Port Patrick
483,Jessicamouth
484,Melissamouth
485,Robertside
486,Port Matthewshire
487,Annaburgh
488,Port Lisafort
489,South Erin
490,Lake Derrickstad
491,Lake Katherine
492,Adamsborough
493,New Cynthia
494,Carolynland
495,Johnsonfurt
496,Weberside
497,South Lorettaside
498,West Angelaburgh
499,Smithton
500,Lake Jennyhaven
501,Mooreburgh
502,Maryton
503,West Wendyland
504,Garciashire
505,East Davidton
506,New Brittanybury
507,West Jillmouth
508,New Robertmouth
509,Staceyview
510,Aprilport
511,New Cynthiaton
512,Lake Dianaland
513,Port Diana
514,New Lauren
515,Port Derekberg
516,North Ryanbury
517,East Laurenmouth
518,Rodriguezfort
519,Lake Kenneth
520,Gregtown
521,Lake Ashley
522,West Rodneyfort
523,Pittsfurt
524,Alejandromouth
525,Port Lindahaven
526,North Savannah
527,New Corey
528,Port Nicholasville
529,Dwayneside
530,Port Bryanmouth
531,West James
532,Kristenport
533,New Johnview
534,North Sarah
535,Josephburgh
536,Michaelburgh
537,Lake Emilyfort
538,Hernandezshire
539,Lake Christopher
540,Tarafurt
541,New Williamchester
542,Whitefort
543,Lucasside
544,Lake Kendrafurt
545,East Mike
546,Dannyside
547,South Joanville
548,Edwinberg
549,Jeffreyport
550,South Tinaland
551,New Donna
552,South Christopherchester
553,Jenniferborough
554,East Alan
555,Matamouth
556,Russellchester
557,Jilltown
558,Mckinneystad
559,North Crystalville
560,Hughesburgh
561,Owensport
562,Lewisport
563,Port Susan
564,Jessicafort
565,Clarkville
566,Bullockshire
567,Johnmouth
568,Ruizhaven
569,New Jose
570,New Jenniferbury
571,Cowanshire
572,Rodneyside
573,Angelaland
574,Jenniferfort
575,North Stephaniefort
576,Stephenside
577,Washingtonchester
578,Kingchester
579,West Brian
580,Lake James
581,New Kathrynmouth
582,Tabithaview
583,Lake Diana
584,West Scottport
585,South Kristenborough
586,Johnchester
587,Chelseastad
588,Lake Autumnview
589,Derekhaven
590,East Ryan
591,Lake Laura
592,Port Taylor
593,Jacquelineport
594,South Angela
595,Sarahton
596,New Patty
597,West Bonnie
598,South Candace
599,Marybury
600,New Bruce
601,Nicholasburgh
602,Princemouth
603,Lake Edward
604,Lake Sara
605,Ashleyport
606,Pattersonview
607,Patrickmouth
608,Franklintown
609,Whiteberg
610,Davisside
611,Port Christopher
612,West Tanya
613,Lauratown
614,East Melissahaven
615,Port Matthewchester
616,South Johnborough
617,Josestad
618,Robinfort
619,East Tiffanyfort
620,Murrayberg
621,New Mike
622,Alisonport
623,North Roberthaven
624,North Jermaine
625,East John
626,Kristenmouth
627,Robinsonhaven
628,Port Kristiside
629,Phillipschester
630,New Donnahaven
631,East Thomasside
632,West Debbie
633,Lake Lisachester
634,Lake Evanberg
635,Kaitlynfort
636,Lloydport
637,Cynthiaview
638,East Melissa
639,Fergusonshire
640,Lutzland
641,Adamland
642,Blackview
643,North Guy
644,South Isabella
645,Wilsonview
646,Lake Debbiefort
647,Hallmouth
648,New Ashleymouth
649,South Melissa
650,Scottmouth
651,Lake Aaron
652,Jenniferbury
653,Hallhaven
654,Port Robertbury
655,Smithmouth
656,Welchside
657,Pachecomouth
658,Port Jessicaport
659,Richardchester
660,Port Jill
661,Johnnyhaven
662,South Jaredburgh
663,Hawkinsville
664,Melvinland
665,West Katrinashire
666,Matthewberg
667,Mcintoshburgh
668,Billybury
669,East Victoria
670,North Melissahaven
671,East Benjamin
672,West Randymouth
673,Estradafurt
674,Dawnstad
675,North Zachary
676,Lisaton
677,Leonardton
678,North Karaborough
679,Melanieberg
680,Jamesfurt
681,Wolfborough
682,Williamsfurt
683,Salinasmouth
684,Pricetown
685,Melissaville
686,South Michael
687,Jacobside
688,South Matthew
689,Port Charlesfort
690,South Lisa
691,Hallville
692,Port Sarahborough
693,Riveraborough
694,Lake Susan
695,West Jessica
696,Steelefurt
697,New Dannyburgh
698,Perrybury
699,Lake Juliatown
700,Patelberg
701,Samanthamouth
702,Keithland
703,West Danielville
704,Nelsonshire
705,Port Charles
706,Bradfordshire
707,Owenburgh
708,Scottstad
709,New Timothy
710,North Robertville
711,Austinchester
712,Maryport
713,New Christopher
714,Carlmouth
715,Raymondshire
716,Cookhaven
717,Johnsonmouth
718,Ericksonton
719,Flemingbury
720,Garciaton
721,Wrightberg
722,Lake Jessicabury
723,Millerbury
724,Clementsmouth
725,North Amandaland
726,Port Traci
727,Wesleyborough
728,Morganview
729,Hendersonshire
730,North Mary
731,Scotthaven
732,Hernandezside
733,North Samantha
734,Brownland
735,Ingramville
736,New Marvin
737,New Kevinmouth
738,New Garyview
739,South Makayla
740,North Kenneth
741,Hoganmouth
742,Jamiestad
743,East Cassidytown
744,Clarkbury
745,Watsonfort
746,East Haileyside
747,Thomaston
748,New Carolton
749,South Melissachester
750,Port Megan
751,North Tyler
752,New Dianatown
753,Port Aaronmouth
754,Lake Darin
755,Pageborough
756,Myersfurt
757,North Brad
758,Harrisstad
759,Aaronfurt
760,Lake Valerie
761,Lake Melissachester
762,Laramouth
763,Jessicafort
764,Andresborough
765,New Joseph
766,South Diana
767,East Chrisport
768,Port Henry
769,Parkerton
770,Burkehaven
771,Kathleenberg
772,Jimenezmouth
773,Jacksontown
774,Port Erichaven
775,Medinachester
776,North Josephbury
777,East Kendra
778,Thomasview
779,North Christian
780,Reidville
781,Rothborough
782,West Chad
783,Burtonchester
784,Williamsonton
785,Port Tammyland
786,Natashastad
787,North Jerome
788,West Laurie
789,Port Sharon
790,Matthewtown
791,West Kara
792,East Pamela
793,Guzmanstad
794,Nelsonstad
795,Matthewview
796,North Dannybury
797,Lake Mark
798,Serranoton
799,New Coreystad
800,Port Brenda
801,Port Nathanielberg
802,Lake Heathertown
803,North Kyle
804,West Caitlyn
805,South Kevinbury
806,East Rogerfurt
807,Pamelaland
808,Evanbury
809,South Kimberlymouth
810,Hofurt
811,North Jaredberg
812,Port Anthony
813,New Leslieville
814,East Margaret
815,Port Jacob
816,New James
817,Pruittmouth
818,East Aaronton
819,West Susanmouth
820,North Joseph
821,Huffmanshire
822,East Tammyton
823,Danieltown
824,Porterland
825,Charlesberg
826,Jeffreyland
827,Bryanport
828,Elizabethchester
829,South Jameston
830,New Donaldland
831,North Sean
832,Ellisfurt
833,Johnsonborough
834,Morenoburgh
835,Williamsville
836,Kennedytown
837,Lake Brett
838,Ashleyton
839,New Jennifershire
840,Jeffreyton
841,New Barbara
842,East Haroldton
843,Romeroland
844,Frederickmouth
845,Kirkton
846,North Christina
847,West Alexander
848,Michaelfort
849,Port Alfredfort
850,Lake Kellifurt
851,North Carlton
852,Lake Melissafort
853,Lake Susan
854,New Edwinchester
855,New Jonathan
856,West Amychester
857,Whiteshire
858,Lake Josefurt
859,Philiptown
860,North Elizabeth
861,Morenomouth
862,West Davidview
863,Castroside
864,Sanchezborough
865,East Michelle
866,Mendozaton
867,Bennetttown
868,Lake Mary
869,New Andreaborough
870,Jaredtown
871,East Lisa
872,Ryanview
873,North Adam
874,Normanburgh
875,Tammychester
876,Fordland
877,Phillipsbury
878,Morganville
879,New Tracey
880,Lake Michael
881,Port Kellyhaven
882,Paulastad
883,Bakertown
884,West Timothy
885,Wyattfort
886,Rogersview
887,North Michael
888,Kristinaberg
889,Port Jamesshire
890,West Laura
891,Wayneburgh
892,New Jaybury
893,New Joanmouth
894,Watkinston
895,Lake Katieshire
896,Kirbymouth
897,Benjaminmouth
898,Thomasland
899,Vaughnview
900,Sherrybury
901,Jameschester
902,West Victoria
903,Joshuaborough
904,Molinamouth
905,Morenoton
906,Sosaberg
907,Martintown
908,Joshuaside
909,Hendrixton
910,Mitchellview
911,North Matthew
912,South Mauriceshire
913,Summersland
914,West Jessica
915,Rodriguezstad
916,Lake Melanie
917,East Michaelborough
918,South Jennifer
919,Andrewborough
920,Port Jamie
921,East James
922,West Amanda
923,Brownville
924,Lake Susan
925,Fergusonside
926,Lisahaven
927,Hillberg
928,East Brittanyburgh
929,Cervantesshire
930,North Blakeview
931,Billyfort
932,South Rebecca
933,West Brandi
934,Leahview
935,Scottburgh
936,Lake Debbieville
937,Lake Brianshire
938,North David
939,Williamstad
940,Lake Carolyn
941,Snyderville
942,Nicholasport
943,Teresaville
944,North Patrick
945,Myersmouth
946,West Kristinland
947,Romantown
948,Jonesview
949,Hernandezshire
950,Davidbury
951,New Stuarthaven
952,Johnstad
953,Port Russellshire
954,Lake Ginabury
955,Bruceburgh
956,Millerville
957,South Bethport
958,Lake Timothy
959,Sanchezburgh
960,New Michaelhaven
961,North Robertborough
962,Davilashire
963,Lake Julieville
964,Nicholsfort
965,Craigstad
966,Port Cynthiachester
967,Laurenfurt
968,Julieside
969,Christianport
970,Garciaport
971,North Williamstad
972,Port Brianbury
973,Port Ronaldside
974,Christophertown
975,Lake Darlenemouth
976,Lake Joseland
977,Jacksonfurt
978,West David
979,New Emily
980,Smithport
981,Snyderfurt
982,Frankburgh
983,Christopherview
984,North Veronicaside
985,Bondton
986,West Kylieport
987,Saramouth
988,North Joseland
989,Tapiaberg
990,New April
991,Lake Robertton
992,Ashleyberg
993,Briantown
994,Bennettburgh
995,Crystalport
996,Port Maria
997,Evansview
998,Lake Johnmouth
999,Lynchshire
1000,New Anthonymouth
